"species","max_size_tl","diet","position"
"Ablennes hians",140,"Fish-cephalopod feeder","Pelagic Reef associated"
"Abudefduf vaigiensis",20,"Planktivore","Bentho-pelagic Reef dwelling"
"Acanthochromis polyacanthus",14,"Omnivore","Bentho-pelagic Reef dwelling"
"Acanthopagrus arabicus",45.1,"Mobile invertebrate feeder","Benthic Reef associated"
"Acanthopagrus australis",78.3,"Mobile invertebrate feeder","Benthic Reef associated"
"Acanthopagrus bifasciatus",32.6,"Mobile invertebrate feeder","Benthic Reef associated"
"Acanthurus auranticavus",60.7,"Herbivore-detritivore","Bentho-pelagic Reef dwelling"
"Acanthurus bahianus",52,"Herbivore-detritivore","Bentho-pelagic Reef dwelling"
"Acanthurus blochii",61.5,"Herbivore-detritivore","Bentho-pelagic Reef dwelling"
"Acanthurus chirurgus",42,"Herbivore-detritivore","Bentho-pelagic Reef dwelling"
"Acanthurus coeruleus",45,"Herbivore-detritivore","Bentho-pelagic Reef dwelling"
"Acanthurus dussumieri",54,"Herbivore-detritivore","Bentho-pelagic Reef dwelling"
"Acanthurus leucosternon",54,"Herbivore-detritivore","Bentho-pelagic Reef dwelling"
"Acanthurus lineatus",38,"Herbivore-detritivore","Bentho-pelagic Reef dwelling"
"Acanthurus mata",50,"Planktivore","Bentho-pelagic Reef dwelling"
"Acanthurus nigricans",21.3,"Herbivore-detritivore","Bentho-pelagic Reef dwelling"
"Acanthurus nigricauda",40,"Herbivore-detritivore","Bentho-pelagic Reef dwelling"
"Acanthurus nigrofuscus",21,"Herbivore-detritivore","Bentho-pelagic Reef dwelling"
"Acanthurus olivaceus",35,"Herbivore-detritivore","Bentho-pelagic Reef dwelling"
"Acanthurus pyroferus",25,"Herbivore-detritivore","Bentho-pelagic Reef dwelling"
"Acanthurus tractus",52,"Herbivore-detritivore","Bentho-pelagic Reef dwelling"
"Acanthurus triostegus",27,"Herbivore-detritivore","Bentho-pelagic Reef dwelling"
"Acanthurus xanthopterus",70,"Herbivore-detritivore","Bentho-pelagic Reef dwelling"
"Achoerodus gouldii",175,"Fish-cephalopod feeder","Bentho-pelagic Reef dwelling"
"Acreichthys tomentosus",12,"Omnivore","Benthic Reef associated"
"Alectis indica",125,"Fish-cephalopod feeder","Pelagic Reef associated"
"Alepes djedaba",40,"Planktivore","Pelagic Reef associated"
"Alepes kleinii",18.1,"Planktivore","Pelagic Reef associated"
"Aluterus monoceros",76.2,"Planktivore","Pelagic Reef associated"
"Amblygobius bynoensis",9.8,"Herbivore-detritivore","Benthic Reef associated"
"Amblygobius phalaena",10.5,"Herbivore-detritivore","Benthic Reef associated"
"Amphiprion chrysopterus",17,"Planktivore","Benthic Reef dwelling"
"Amphiprion melanopus",12,"Planktivore","Benthic Reef dwelling"
"Amphiprion perideraion",10,"Planktivore","Benthic Reef dwelling"
"Amphiprion tricinctus",12,"Planktivore","Benthic Reef dwelling"
"Anisotremus interruptus",51,"Mobile invertebrate feeder","Bentho-pelagic Reef dwelling"
"Apogon imberbis",18.5,"Planktivore","Bentho-pelagic Reef dwelling"
"Aprion virescens",112,"Fish-cephalopod feeder","Pelagic Reef dwelling"
"Apsilus dentatus",65,"Mobile invertebrate feeder","Pelagic Reef dwelling"
"Archosargus probatocephalus",91,"Omnivore","Bentho-pelagic Reef associated"
"Archosargus rhomboidalis",33,"Omnivore","Bentho-pelagic Reef associated"
"Argyrops filamentosus",70,"Mobile invertebrate feeder","Benthic Reef dwelling"
"Argyrops spinifer",70,"Mobile invertebrate feeder","Benthic Reef associated"
"Argyrosomus japonicus",181,"Fish-cephalopod feeder","Benthic Reef associated"
"Argyrosomus regius",210,"Fish-cephalopod feeder","Benthic Reef associated"
"Argyrozona argyrozona",90,"Fish-cephalopod feeder","Bentho-pelagic Reef associated"
"Asterropteryx semipunctata",5.6,"Herbivore-detritivore","Benthic Reef associated"
"Atractoscion nobilis",166,"Fish-cephalopod feeder","Benthic Reef dwelling"
"Atule mate",30,"Mobile invertebrate feeder","Pelagic Reef associated"
"Balistes capriscus",60,"Mobile invertebrate feeder","Pelagic Reef associated"
"Balistes polylepis",76,"Mobile invertebrate feeder","Bentho-pelagic Reef associated"
"Balistes vetula",60,"Mobile invertebrate feeder","Bentho-pelagic Reef dwelling"
"Bathygobius soporator",15,"Mobile invertebrate feeder","Benthic Reef associated"
"Belone belone",70,"Fish-cephalopod feeder","Pelagic Reef associated"
"Bolbometopon muricatum",130,"Omnivore","Bentho-pelagic Reef dwelling"
"Boops boops",36,"Planktivore","Pelagic Reef associated"
"Bothus podas",45,"Mobile invertebrate feeder","Benthic Reef associated"
"Branchiostegus argentatus",32.7,"Mobile invertebrate feeder","Benthic Reef associated"
"Caesio cuning",35,"Planktivore","Pelagic Reef dwelling"
"Calamus leucosteus",46,"Mobile invertebrate feeder","Bentho-pelagic Reef associated"
"Calamus nodosus",54.4,"Mobile invertebrate feeder","Bentho-pelagic Reef associated"
"Calamus penna",46,"Mobile invertebrate feeder","Bentho-pelagic Reef associated"
"Calamus proridens",46,"Mobile invertebrate feeder","Bentho-pelagic Reef dwelling"
"Calotomus carolinus",50,"Herbivore-detritivore","Bentho-pelagic Reef dwelling"
"Calotomus japonicus",39,"Herbivore-detritivore","Bentho-pelagic Reef dwelling"
"Calotomus spinidens",30,"Herbivore-detritivore","Bentho-pelagic Reef dwelling"
"Carangoides armatus",57,"Fish-cephalopod feeder","Pelagic Reef associated"
"Carangoides bajad",55,"Fish-cephalopod feeder","Pelagic Reef associated"
"Carangoides chrysophrys",80.5,"Fish-cephalopod feeder","Pelagic Reef associated"
"Carangoides equula",55.1,"Fish-cephalopod feeder","Pelagic Reef associated"
"Carangoides ferdau",70,"Fish-cephalopod feeder","Pelagic Reef associated"
"Carangoides malabaricus",60,"Fish-cephalopod feeder","Pelagic Reef associated"
"Caranx bucculentus",66,"Fish-cephalopod feeder","Pelagic Reef associated"
"Caranx caballus",62.4,"Fish-cephalopod feeder","Pelagic Reef associated"
"Caranx crysos",70,"Fish-cephalopod feeder","Pelagic Reef associated"
"Caranx hippos",124,"Fish-cephalopod feeder","Pelagic Reef associated"
"Caranx ignobilis",170,"Fish-cephalopod feeder","Pelagic Reef associated"
"Caranx lugubris",100,"Fish-cephalopod feeder","Pelagic Reef associated"
"Caranx melampygus",126.9,"Fish-cephalopod feeder","Pelagic Reef associated"
"Caranx rhonchus",60,"Fish-cephalopod feeder","Pelagic Reef associated"
"Caranx ruber",67,"Fish-cephalopod feeder","Pelagic Reef associated"
"Caranx sexfasciatus",120,"Mobile invertebrate feeder","Pelagic Reef associated"
"Caranx tille",80,"Fish-cephalopod feeder","Pelagic Reef associated"
"Caulolatilus affinis",49.5,"Mobile invertebrate feeder","Benthic Reef associated"
"Centrolabrus exoletus",18,"Mobile invertebrate feeder","Bentho-pelagic Reef dwelling"
"Centropomus undecimalis",140,"Fish-cephalopod feeder","Bentho-pelagic Reef associated"
"Centropristis striata",66,"Mobile invertebrate feeder","Benthic Reef dwelling"
"Centropyge bicolor",14,"Herbivore-detritivore","Benthic Reef dwelling"
"Centropyge loriculus",15,"Herbivore-detritivore","Benthic Reef dwelling"
"Cephalopholis boenak",30,"Fish-cephalopod feeder","Benthic Reef dwelling"
"Cephalopholis cruentata",42.6,"Fish-cephalopod feeder","Benthic Reef dwelling"
"Cephalopholis fulva",45,"Fish-cephalopod feeder","Benthic Reef dwelling"
"Cephalopholis hemistiktos",35,"Fish-cephalopod feeder","Benthic Reef dwelling"
"Cephalopholis panamensis",31,"Fish-cephalopod feeder","Benthic Reef dwelling"
"Cephalopholis sexmaculata",50,"Fish-cephalopod feeder","Benthic Reef dwelling"
"Cephalopholis taeniops",70,"Fish-cephalopod feeder","Benthic Reef dwelling"
"Cephalopholis urodeta",28,"Fish-cephalopod feeder","Benthic Reef dwelling"
"Cetoscarus bicolor",90,"Herbivore-detritivore","Bentho-pelagic Reef dwelling"
"Chaetodipterus faber",91,"Mobile invertebrate feeder","Pelagic Reef associated"
"Chaetodon auriga",23,"Mobile invertebrate feeder","Benthic Reef dwelling"
"Chaetodon baronessa",16,"Mobile invertebrate feeder","Benthic Reef dwelling"
"Chaetodon citrinellus",13,"Sessile invertebrate feeder","Benthic Reef dwelling"
"Chaetodon larvatus",12,"Sessile invertebrate feeder","Benthic Reef dwelling"
"Chaetodon lunulatus",14,"Sessile invertebrate feeder","Benthic Reef dwelling"
"Chaetodon miliaris",15.4,"Planktivore","Bentho-pelagic Reef dwelling"
"Chaetodon trifascialis",18,"Sessile invertebrate feeder","Benthic Reef dwelling"
"Chaetodon trifasciatus",15,"Sessile invertebrate feeder","Benthic Reef dwelling"
"Cheilinus trilobatus",45,"Mobile invertebrate feeder","Bentho-pelagic Reef dwelling"
"Cheilinus undulatus",270.2,"Mobile invertebrate feeder","Bentho-pelagic Reef dwelling"
"Cheilotrema saturnum",45,"Mobile invertebrate feeder","Benthic Reef associated"
"Cheimerius nufar",75,"Mobile invertebrate feeder","Benthic Reef dwelling"
"Chloroscombrus chrysurus",65,"Planktivore","Pelagic Reef associated"
"Chlorurus frontalis",50,"Herbivore-detritivore","Bentho-pelagic Reef dwelling"
"Chlorurus microrhinos",70,"Herbivore-detritivore","Bentho-pelagic Reef dwelling"
"Chlorurus perspicillatus",69.1215,"Herbivore-detritivore","Bentho-pelagic Reef dwelling"
"Chlorurus sordidus",40,"Herbivore-detritivore","Bentho-pelagic Reef dwelling"
"Chlorurus spilurus",40,"Herbivore-detritivore","Bentho-pelagic Reef dwelling"
"Chromis chromis",25,"Planktivore","Bentho-pelagic Reef dwelling"
"Chromis chrysura",18.5,"Planktivore","Bentho-pelagic Reef dwelling"
"Chromis margaritifer",9,"Planktivore","Bentho-pelagic Reef dwelling"
"Chromis ternatensis",10,"Planktivore","Bentho-pelagic Reef dwelling"
"Chromis verater",19.904,"Planktivore","Bentho-pelagic Reef dwelling"
"Chromis viridis",8,"Planktivore","Bentho-pelagic Reef dwelling"
"Chrysiptera biocellata",12.5,"Omnivore","Benthic Reef dwelling"
"Chrysiptera glauca",10,"Omnivore","Benthic Reef dwelling"
"Chrysoblephus cristiceps",75,"Mobile invertebrate feeder","Benthic Reef dwelling"
"Chrysoblephus laticeps",51.2,"Mobile invertebrate feeder","Benthic Reef dwelling"
"Coris julis",33.6,"Mobile invertebrate feeder","Bentho-pelagic Reef dwelling"
"Cromileptes altivelis",70,"Fish-cephalopod feeder","Benthic Reef dwelling"
"Ctenochaetus striatus",26,"Herbivore-detritivore","Bentho-pelagic Reef dwelling"
"Ctenochaetus strigosus",18.6,"Herbivore-detritivore","Bentho-pelagic Reef dwelling"
"Ctenolabrus rupestris",18,"Mobile invertebrate feeder","Bentho-pelagic Reef dwelling"
"Cymatoceps nasutus",150,"Mobile invertebrate feeder","Benthic Reef dwelling"
"Dactyloptena orientalis",40,"Mobile invertebrate feeder","Benthic Reef associated"
"Dascyllus albisella",13,"Planktivore","Bentho-pelagic Reef dwelling"
"Dascyllus aruanus",10,"Planktivore","Benthic Reef dwelling"
"Dascyllus reticulatus",9,"Planktivore","Benthic Reef dwelling"
"Decapterus kurroides",45,"Planktivore","Pelagic Reef associated"
"Decapterus macarellus",40.5,"Planktivore","Pelagic Reef associated"
"Decapterus macrosoma",35,"Planktivore","Pelagic Reef associated"
"Decapterus maruadsi",25,"Planktivore","Pelagic Reef associated"
"Decapterus punctatus",33.6,"Planktivore","Pelagic Reef associated"
"Decapterus russelli",45,"Planktivore","Pelagic Reef associated"
"Dendrophysa russelii",29.6,"Mobile invertebrate feeder","Benthic Reef associated"
"Dentex angolensis",37,"Mobile invertebrate feeder","Bentho-pelagic Reef associated"
"Dentex canariensis",122.7,"Fish-cephalopod feeder","Bentho-pelagic Reef associated"
"Dentex dentex",100,"Fish-cephalopod feeder","Bentho-pelagic Reef dwelling"
"Dentex gibbosus",117.1,"Mobile invertebrate feeder","Bentho-pelagic Reef dwelling"
"Dentex macrophthalmus",65,"Mobile invertebrate feeder","Bentho-pelagic Reef associated"
"Dentex maroccanus",45,"Mobile invertebrate feeder","Bentho-pelagic Reef associated"
"Diagramma pictum",105.5,"Mobile invertebrate feeder","Bentho-pelagic Reef dwelling"
"Diplectrum formosum",30,"Mobile invertebrate feeder","Benthic Reef dwelling"
"Diplodus annularis",24,"Mobile invertebrate feeder","Bentho-pelagic Reef associated"
"Diplodus bellottii",35.8,"Mobile invertebrate feeder","Bentho-pelagic Reef associated"
"Diplodus cadenati",45,"Mobile invertebrate feeder","Bentho-pelagic Reef dwelling"
"Diplodus capensis",45,"Omnivore","Bentho-pelagic Reef associated"
"Diplodus cervinus",55,"Omnivore","Bentho-pelagic Reef associated"
"Diplodus hottentotus",60,"Mobile invertebrate feeder","Bentho-pelagic Reef associated"
"Diplodus puntazzo",60,"Omnivore","Bentho-pelagic Reef associated"
"Diplodus sargus",45,"Mobile invertebrate feeder","Bentho-pelagic Reef dwelling"
"Diplodus vulgaris",45,"Mobile invertebrate feeder","Bentho-pelagic Reef associated"
"Elagatis bipinnulata",125,"Fish-cephalopod feeder","Pelagic Reef associated"
"Enneapterygius atriceps",3.2,"Mobile invertebrate feeder","Benthic Reef dwelling"
"Epinephelides armatus",56,"Mobile invertebrate feeder","Benthic Reef dwelling"
"Epinephelus adscensionis",61,"Mobile invertebrate feeder","Benthic Reef dwelling"
"Epinephelus aeneus",144,"Mobile invertebrate feeder","Benthic Reef dwelling"
"Epinephelus areolatus",47,"Fish-cephalopod feeder","Benthic Reef dwelling"
"Epinephelus caninus",164,"Mobile invertebrate feeder","Benthic Reef dwelling"
"Epinephelus chlorostigma",75,"Fish-cephalopod feeder","Benthic Reef associated"
"Epinephelus coioides",120,"Fish-cephalopod feeder","Benthic Reef associated"
"Epinephelus costae",171.2,"Mobile invertebrate feeder","Benthic Reef dwelling"
"Epinephelus cyanopodus",122,"Fish-cephalopod feeder","Bentho-pelagic Reef dwelling"
"Epinephelus diacanthus",55,"Fish-cephalopod feeder","Benthic Reef associated"
"Epinephelus drummondhayi",110,"Mobile invertebrate feeder","Benthic Reef dwelling"
"Epinephelus fuscoguttatus",120,"Fish-cephalopod feeder","Benthic Reef dwelling"
"Epinephelus guttatus",76,"Mobile invertebrate feeder","Benthic Reef dwelling"
"Epinephelus hexagonatus",29.5,"Fish-cephalopod feeder","Benthic Reef dwelling"
"Epinephelus itajara",250,"Mobile invertebrate feeder","Benthic Reef dwelling"
"Epinephelus labriformis",60,"Fish-cephalopod feeder","Benthic Reef dwelling"
"Epinephelus latifasciatus",168.6,"Fish-cephalopod feeder","Benthic Reef associated"
"Epinephelus maculatus",60.5,"Fish-cephalopod feeder","Benthic Reef dwelling"
"Epinephelus malabaricus",215,"Fish-cephalopod feeder","Benthic Reef associated"
"Epinephelus marginatus",150,"Mobile invertebrate feeder","Benthic Reef dwelling"
"Epinephelus merra",31,"Fish-cephalopod feeder","Benthic Reef dwelling"
"Epinephelus morio",125,"Mobile invertebrate feeder","Benthic Reef associated"
"Epinephelus morrhua",90,"Mobile invertebrate feeder","Benthic Reef dwelling"
"Epinephelus multinotatus",100,"Fish-cephalopod feeder","Benthic Reef dwelling"
"Epinephelus ongus",40,"Fish-cephalopod feeder","Benthic Reef associated"
"Epinephelus polylepis",61,"Fish-cephalopod feeder","Benthic Reef associated"
"Epinephelus polyphekadion",113.7,"Fish-cephalopod feeder","Benthic Reef dwelling"
"Epinephelus rivulatus",39,"Fish-cephalopod feeder","Benthic Reef dwelling"
"Epinephelus sexfasciatus",40,"Fish-cephalopod feeder","Benthic Reef associated"
"Epinephelus striatus",122,"Mobile invertebrate feeder","Benthic Reef dwelling"
"Epinephelus tauvina",75,"Fish-cephalopod feeder","Benthic Reef dwelling"
"Epinephelus tukula",200,"Fish-cephalopod feeder","Benthic Reef dwelling"
"Euthynnus affinis",106.8,"Fish-cephalopod feeder","Pelagic Reef associated"
"Euthynnus alletteratus",122,"Fish-cephalopod feeder","Pelagic Reef associated"
"Eviota melasma",2.7,"Mobile invertebrate feeder","Benthic Reef dwelling"
"Eviota queenslandica",2.6,"Mobile invertebrate feeder","Benthic Reef dwelling"
"Eviota sigillata",1.9,"Mobile invertebrate feeder","Benthic Reef dwelling"
"Forsterygion lapillum",7.7,"Mobile invertebrate feeder","Benthic Reef dwelling"
"Forsterygion varium",15.2,"Mobile invertebrate feeder","Benthic Reef dwelling"
"Girella punctata",50,"Herbivore-macroalgae feeder","Benthic Reef dwelling"
"Girella tricuspidata",73.9,"Herbivore-macroalgae feeder","Benthic Reef dwelling"
"Gnathanodon speciosus",120,"Fish-cephalopod feeder","Pelagic Reef associated"
"Gobiosoma robustum",5,"Mobile invertebrate feeder","Benthic Reef associated"
"Gobius niger",18,"Mobile invertebrate feeder","Benthic Reef associated"
"Gobius paganellus",13,"Mobile invertebrate feeder","Benthic Reef dwelling"
"Gobius vittatus",6.9,"Mobile invertebrate feeder","Benthic Reef dwelling"
"Gymnocranius audleyi",40,"Mobile invertebrate feeder","Benthic Reef dwelling"
"Gymnocranius euanus",45,"Mobile invertebrate feeder","Benthic Reef dwelling"
"Gymnocranius grandoculis",80,"Mobile invertebrate feeder","Benthic Reef dwelling"
"Gymnocranius griseus",35,"Mobile invertebrate feeder","Benthic Reef associated"
"Haemulon album",79,"Mobile invertebrate feeder","Bentho-pelagic Reef dwelling"
"Haemulon aurolineatum",25,"Mobile invertebrate feeder","Bentho-pelagic Reef dwelling"
"Haemulon bonariense",40,"Mobile invertebrate feeder","Bentho-pelagic Reef associated"
"Haemulon flaviguttatum",42,"Mobile invertebrate feeder","Bentho-pelagic Reef associated"
"Haemulon flavolineatum",30,"Mobile invertebrate feeder","Bentho-pelagic Reef dwelling"
"Haemulon maculicauda",30,"Mobile invertebrate feeder","Bentho-pelagic Reef dwelling"
"Haemulon melanurum",33,"Mobile invertebrate feeder","Bentho-pelagic Reef dwelling"
"Haemulon parra",41.2,"Mobile invertebrate feeder","Bentho-pelagic Reef dwelling"
"Haemulon plumierii",53,"Mobile invertebrate feeder","Bentho-pelagic Reef dwelling"
"Haemulon sciurus",46,"Mobile invertebrate feeder","Bentho-pelagic Reef dwelling"
"Haemulon sexfasciatum",71,"Mobile invertebrate feeder","Bentho-pelagic Reef dwelling"
"Haemulon steindachneri",30,"Mobile invertebrate feeder","Bentho-pelagic Reef dwelling"
"Halichoeres hortulanus",27,"Mobile invertebrate feeder","Bentho-pelagic Reef dwelling"
"Halichoeres marginatus",18,"Mobile invertebrate feeder","Bentho-pelagic Reef dwelling"
"Halichoeres radiatus",51,"Mobile invertebrate feeder","Bentho-pelagic Reef dwelling"
"Halichoeres scapularis",20,"Mobile invertebrate feeder","Bentho-pelagic Reef dwelling"
"Hemiramphus brasiliensis",55,"Omnivore","Pelagic Reef associated"
"Hipposcarus harid",75,"Herbivore-detritivore","Bentho-pelagic Reef dwelling"
"Hipposcarus longiceps",60,"Herbivore-detritivore","Bentho-pelagic Reef dwelling"
"Holacanthus passer",35.6,"Sessile invertebrate feeder","Benthic Reef dwelling"
"Holocentrus adscensionis",61,"Mobile invertebrate feeder","Bentho-pelagic Reef dwelling"
"Holocentrus rufus",35,"Mobile invertebrate feeder","Bentho-pelagic Reef dwelling"
"Hyporhamphus australis",39.8,"Omnivore","Pelagic Reef associated"
"Hyporthodus nigritus",230,"Fish-cephalopod feeder","Benthic Reef dwelling"
"Hyporthodus niveatus",122,"Fish-cephalopod feeder","Benthic Reef dwelling"
"Hyporthodus quernus",122,"Fish-cephalopod feeder","Bentho-pelagic Reef dwelling"
"Istigobius goldmanni",6.4,"Herbivore-detritivore","Benthic Reef associated"
"Johnius coitor",22.8,"Mobile invertebrate feeder","Benthic Reef associated"
"Johnius dussumieri",40,"Fish-cephalopod feeder","Benthic Reef associated"
"Karalepis stewarti",15,"Mobile invertebrate feeder","Benthic Reef dwelling"
"Kyphosus cinerascens",50,"Herbivore-macroalgae feeder","Pelagic Reef dwelling"
"Labrus bergylta",65.9,"Mobile invertebrate feeder","Bentho-pelagic Reef dwelling"
"Labrus merula",53.2,"Mobile invertebrate feeder","Bentho-pelagic Reef dwelling"
"Labrus mixtus",45.4,"Mobile invertebrate feeder","Bentho-pelagic Reef dwelling"
"Lachnolaimus maximus",91,"Mobile invertebrate feeder","Bentho-pelagic Reef dwelling"
"Lagocephalus sceleratus",121.1,"Mobile invertebrate feeder","Bentho-pelagic Reef associated"
"Lagodon rhomboides",40,"Mobile invertebrate feeder","Bentho-pelagic Reef associated"
"Lesueurigobius friesii",13,"Mobile invertebrate feeder","Benthic Reef associated"
"Lethrinus atkinsoni",50,"Mobile invertebrate feeder","Benthic Reef dwelling"
"Lethrinus borbonicus",40,"Mobile invertebrate feeder","Benthic Reef dwelling"
"Lethrinus enigmaticus",55,"Mobile invertebrate feeder","Benthic Reef dwelling"
"Lethrinus erythracanthus",70,"Mobile invertebrate feeder","Benthic Reef dwelling"
"Lethrinus genivittatus",25,"Mobile invertebrate feeder","Benthic Reef associated"
"Lethrinus harak",50,"Mobile invertebrate feeder","Benthic Reef associated"
"Lethrinus lentjan",52,"Mobile invertebrate feeder","Benthic Reef associated"
"Lethrinus mahsena",65,"Mobile invertebrate feeder","Benthic Reef dwelling"
"Lethrinus microdon",80,"Fish-cephalopod feeder","Benthic Reef dwelling"
"Lethrinus miniatus",90,"Fish-cephalopod feeder","Benthic Reef dwelling"
"Lethrinus nebulosus",87,"Mobile invertebrate feeder","Benthic Reef associated"
"Lethrinus obsoletus",60,"Mobile invertebrate feeder","Benthic Reef dwelling"
"Lethrinus olivaceus",100,"Fish-cephalopod feeder","Benthic Reef dwelling"
"Lethrinus ornatus",45,"Mobile invertebrate feeder","Benthic Reef dwelling"
"Lethrinus rubrioperculatus",50,"Mobile invertebrate feeder","Benthic Reef dwelling"
"Lethrinus semicinctus",35,"Mobile invertebrate feeder","Benthic Reef dwelling"
"Lethrinus xanthochilus",75.1,"Mobile invertebrate feeder","Benthic Reef dwelling"
"Lipophrys pholis",30,"Mobile invertebrate feeder","Benthic Reef dwelling"
"Lutjanus adetii",50,"Mobile invertebrate feeder","Bentho-pelagic Reef dwelling"
"Lutjanus alexandrei",45,"Mobile invertebrate feeder","Bentho-pelagic Reef dwelling"
"Lutjanus analis",94,"Mobile invertebrate feeder","Bentho-pelagic Reef dwelling"
"Lutjanus apodus",67.2,"Mobile invertebrate feeder","Bentho-pelagic Reef dwelling"
"Lutjanus argentimaculatus",120,"Fish-cephalopod feeder","Bentho-pelagic Reef associated"
"Lutjanus argentiventris",71,"Mobile invertebrate feeder","Bentho-pelagic Reef dwelling"
"Lutjanus bohar",90,"Fish-cephalopod feeder","Bentho-pelagic Reef dwelling"
"Lutjanus boutton",35,"Mobile invertebrate feeder","Bentho-pelagic Reef dwelling"
"Lutjanus buccanella",75,"Mobile invertebrate feeder","Bentho-pelagic Reef dwelling"
"Lutjanus campechanus",117,"Fish-cephalopod feeder","Bentho-pelagic Reef dwelling"
"Lutjanus carponotatus",40,"Fish-cephalopod feeder","Bentho-pelagic Reef dwelling"
"Lutjanus cyanopterus",160,"Fish-cephalopod feeder","Bentho-pelagic Reef associated"
"Lutjanus ehrenbergii",35,"Mobile invertebrate feeder","Bentho-pelagic Reef associated"
"Lutjanus erythropterus",81.6,"Mobile invertebrate feeder","Bentho-pelagic Reef dwelling"
"Lutjanus fulviflamma",35,"Mobile invertebrate feeder","Bentho-pelagic Reef dwelling"
"Lutjanus gibbus",50,"Mobile invertebrate feeder","Bentho-pelagic Reef dwelling"
"Lutjanus griseus",89,"Mobile invertebrate feeder","Bentho-pelagic Reef dwelling"
"Lutjanus guttatus",80,"Mobile invertebrate feeder","Bentho-pelagic Reef dwelling"
"Lutjanus jocu",128,"Mobile invertebrate feeder","Bentho-pelagic Reef dwelling"
"Lutjanus johnii",97,"Mobile invertebrate feeder","Bentho-pelagic Reef associated"
"Lutjanus kasmira",40,"Mobile invertebrate feeder","Bentho-pelagic Reef dwelling"
"Lutjanus lutjanus",35,"Mobile invertebrate feeder","Bentho-pelagic Reef associated"
"Lutjanus mahogoni",48,"Mobile invertebrate feeder","Bentho-pelagic Reef dwelling"
"Lutjanus malabaricus",100,"Mobile invertebrate feeder","Bentho-pelagic Reef associated"
"Lutjanus monostigma",60,"Fish-cephalopod feeder","Bentho-pelagic Reef dwelling"
"Lutjanus peru",95,"Fish-cephalopod feeder","Bentho-pelagic Reef dwelling"
"Lutjanus purpureus",100,"Mobile invertebrate feeder","Bentho-pelagic Reef dwelling"
"Lutjanus quinquelineatus",38,"Mobile invertebrate feeder","Bentho-pelagic Reef dwelling"
"Lutjanus rivulatus",80,"Fish-cephalopod feeder","Bentho-pelagic Reef associated"
"Lutjanus sanguineus",100,"Fish-cephalopod feeder","Bentho-pelagic Reef dwelling"
"Lutjanus sebae",121,"Fish-cephalopod feeder","Bentho-pelagic Reef associated"
"Lutjanus synagris",60,"Mobile invertebrate feeder","Bentho-pelagic Reef dwelling"
"Lutjanus timoriensis",50,"Mobile invertebrate feeder","Bentho-pelagic Reef dwelling"
"Lutjanus vitta",40,"Fish-cephalopod feeder","Bentho-pelagic Reef associated"
"Lutjanus vivanus",83,"Mobile invertebrate feeder","Bentho-pelagic Reef dwelling"
"Megalaspis cordyla",80,"Fish-cephalopod feeder","Pelagic Reef associated"
"Megalops atlanticus",320,"Fish-cephalopod feeder","Pelagic Reef associated"
"Melichthys niger",30,"Omnivore","Pelagic Reef dwelling"
"Menticirrhus americanus",50,"Mobile invertebrate feeder","Benthic Reef associated"
"Meuschenia scaber",31,"Sessile invertebrate feeder","Bentho-pelagic Reef dwelling"
"Moolgarda seheli",60,"Herbivore-detritivore","Pelagic Reef associated"
"Mugil cephalus",117.5,"Herbivore-detritivore","Pelagic Reef associated"
"Mugil curema",90,"Herbivore-detritivore","Pelagic Reef associated"
"Mulloidichthys flavolineatus",43,"Mobile invertebrate feeder","Bentho-pelagic Reef dwelling"
"Mulloidichthys martinicus",39.4,"Mobile invertebrate feeder","Bentho-pelagic Reef dwelling"
"Mulloidichthys vanicolensis",38,"Mobile invertebrate feeder","Bentho-pelagic Reef dwelling"
"Mullus barbatus barbatus",31.3,"Mobile invertebrate feeder","Bentho-pelagic Reef dwelling"
"Mullus surmuletus",49.8,"Mobile invertebrate feeder","Bentho-pelagic Reef dwelling"
"Muraena augusti",90,"Mobile invertebrate feeder","Benthic Reef dwelling"
"Muraena helena",150,"Fish-cephalopod feeder","Benthic Reef dwelling"
"Mycteroperca bonaci",150,"Fish-cephalopod feeder","Benthic Reef dwelling"
"Mycteroperca interstitialis",84,"Fish-cephalopod feeder","Benthic Reef dwelling"
"Mycteroperca microlepis",145,"Fish-cephalopod feeder","Benthic Reef associated"
"Mycteroperca olfax",120,"Mobile invertebrate feeder","Benthic Reef dwelling"
"Mycteroperca phenax",107,"Fish-cephalopod feeder","Benthic Reef dwelling"
"Mycteroperca rosacea",86,"Mobile invertebrate feeder","Benthic Reef dwelling"
"Mycteroperca rubra",144,"Fish-cephalopod feeder","Benthic Reef dwelling"
"Mycteroperca tigris",101,"Fish-cephalopod feeder","Benthic Reef dwelling"
"Mycteroperca venenosa",100,"Fish-cephalopod feeder","Benthic Reef dwelling"
"Myripristis amaena",34,"Planktivore","Bentho-pelagic Reef dwelling"
"Myripristis murdjan",27,"Planktivore","Bentho-pelagic Reef dwelling"
"Myxus elongatus",40,"Omnivore","Pelagic Reef associated"
"Naso annulatus",100,"Planktivore","Pelagic Reef dwelling"
"Naso brachycentron",105.1,"Herbivore-macroalgae feeder","Bentho-pelagic Reef dwelling"
"Naso brevirostris",60,"Omnivore","Bentho-pelagic Reef dwelling"
"Naso hexacanthus",79.2,"Planktivore","Bentho-pelagic Reef dwelling"
"Naso lituratus",60,"Herbivore-macroalgae feeder","Bentho-pelagic Reef dwelling"
"Naso tuberosus",65.3,"Herbivore-macroalgae feeder","Bentho-pelagic Reef dwelling"
"Naso unicornis",73.6,"Herbivore-macroalgae feeder","Bentho-pelagic Reef dwelling"
"Naso vlamingii",60,"Planktivore","Bentho-pelagic Reef dwelling"
"Naucrates ductor",70,"Fish-cephalopod feeder","Pelagic Reef associated"
"Nemipterus japonicus",32,"Mobile invertebrate feeder","Benthic Reef associated"
"Nemipterus peronii",32,"Mobile invertebrate feeder","Benthic Reef associated"
"Neoniphon sammara",32,"Planktivore","Bentho-pelagic Reef dwelling"
"Neoscorpis lithophilus",59.8,"Mobile invertebrate feeder","Bentho-pelagic Reef dwelling"
"Nerophis ophidion",29,"Mobile invertebrate feeder","Benthic Reef associated"
"Notolabrus celidotus",29.3,"Mobile invertebrate feeder","Benthic Reef dwelling"
"Notolabrus fucicola",38,"Mobile invertebrate feeder","Benthic Reef dwelling"
"Oblada melanura",34,"Planktivore","Pelagic Reef dwelling"
"Ocyurus chrysurus",86.3,"Mobile invertebrate feeder","Pelagic Reef dwelling"
"Odax pullus",48.4,"Herbivore-macroalgae feeder","Benthic Reef dwelling"
"Ophichthus zophochir",98,"Fish-cephalopod feeder","Benthic Reef associated"
"Orthopristis ruber",40,"Mobile invertebrate feeder","Bentho-pelagic Reef associated"
"Ostorhinchus cyanosoma",8,"Planktivore","Bentho-pelagic Reef dwelling"
"Ostorhinchus doederleini",12,"Mobile invertebrate feeder","Bentho-pelagic Reef dwelling"
"Otolithes ruber",90,"Mobile invertebrate feeder","Benthic Reef associated"
"Pachymetopon aeneum",60,"Sessile invertebrate feeder","Bentho-pelagic Reef dwelling"
"Pachymetopon blochii",54,"Omnivore","Bentho-pelagic Reef dwelling"
"Pachymetopon grande",74,"Omnivore","Bentho-pelagic Reef dwelling"
"Pagellus affinis",67,"Omnivore","Bentho-pelagic Reef associated"
"Pagellus bellottii",52.8,"Omnivore","Bentho-pelagic Reef associated"
"Pagellus erythrinus",73.7,"Omnivore","Bentho-pelagic Reef associated"
"Pagrus auratus",120,"Mobile invertebrate feeder","Benthic Reef associated"
"Pagrus caeruleostictus",113.3,"Mobile invertebrate feeder","Bentho-pelagic Reef associated"
"Pagrus major",123.5,"Mobile invertebrate feeder","Benthic Reef associated"
"Pagrus pagrus",91,"Mobile invertebrate feeder","Bentho-pelagic Reef associated"
"Parablennius ruber",14,"Omnivore","Benthic Reef dwelling"
"Paracirrhites arcatus",14,"Mobile invertebrate feeder","Benthic Reef dwelling"
"Parajulis poecilepterus",34,"Mobile invertebrate feeder","Benthic Reef dwelling"
"Paralabrax clathratus",72,"Fish-cephalopod feeder","Bentho-pelagic Reef dwelling"
"Paralabrax maculatofasciatus",60,"Mobile invertebrate feeder","Benthic Reef associated"
"Paranthias furcifer",40.9,"Planktivore","Pelagic Reef dwelling"
"Parapercis clathrata",24,"Mobile invertebrate feeder","Benthic Reef associated"
"Parapercis colias",45,"Fish-cephalopod feeder","Benthic Reef dwelling"
"Parapercis cylindrica",23,"Mobile invertebrate feeder","Benthic Reef associated"
"Parapercis hexophtalma",29,"Mobile invertebrate feeder","Benthic Reef associated"
"Parapristipoma trilineatum",49.8,"Mobile invertebrate feeder","Bentho-pelagic Reef dwelling"
"Parastromateus niger",75,"Planktivore","Pelagic Reef associated"
"Parma microlepis",17.8,"Herbivore-detritivore","Benthic Reef dwelling"
"Parupeneus barberinus",60,"Mobile invertebrate feeder","Benthic Reef dwelling"
"Parupeneus chrysopleuron",55,"Mobile invertebrate feeder","Benthic Reef associated"
"Parupeneus forsskali",28,"Mobile invertebrate feeder","Benthic Reef dwelling"
"Parupeneus heptacanthus",36,"Mobile invertebrate feeder","Benthic Reef dwelling"
"Parupeneus macronemus",40,"Mobile invertebrate feeder","Benthic Reef dwelling"
"Parupeneus multifasciatus",35,"Mobile invertebrate feeder","Benthic Reef dwelling"
"Parupeneus porphyreus",51,"Mobile invertebrate feeder","Benthic Reef dwelling"
"Pempheris adspersa",15,"Planktivore","Bentho-pelagic Reef dwelling"
"Pennahia anea",34.3,"Fish-cephalopod feeder","Benthic Reef associated"
"Phyllopteryx taeniolatus",46,"Mobile invertebrate feeder","Benthic Reef dwelling"
"Plectorhinchus gibbosus",75,"Mobile invertebrate feeder","Bentho-pelagic Reef associated"
"Plectorhinchus lineatus",72,"Mobile invertebrate feeder","Bentho-pelagic Reef dwelling"
"Plectorhinchus mediterraneus",92.7,"Mobile invertebrate feeder","Bentho-pelagic Reef associated"
"Plectorhinchus pictus",83,"Mobile invertebrate feeder","Bentho-pelagic Reef dwelling"
"Plectorhinchus picus",84,"Mobile invertebrate feeder","Bentho-pelagic Reef dwelling"
"Plectorhinchus sordidus",60,"Mobile invertebrate feeder","Bentho-pelagic Reef dwelling"
"Plectroglyphidodon dickii",11,"Omnivore","Benthic Reef dwelling"
"Plectropomus areolatus",80,"Fish-cephalopod feeder","Benthic Reef dwelling"
"Plectropomus laevis",125,"Fish-cephalopod feeder","Benthic Reef dwelling"
"Plectropomus leopardus",149.4,"Fish-cephalopod feeder","Benthic Reef dwelling"
"Plectropomus maculatus",119.9,"Fish-cephalopod feeder","Benthic Reef dwelling"
"Polysteganus undulosus",120,"Fish-cephalopod feeder","Bentho-pelagic Reef dwelling"
"Pomacanthus maculosus",60.7,"Omnivore","Bentho-pelagic Reef dwelling"
"Pomacanthus paru",41.1,"Omnivore","Bentho-pelagic Reef dwelling"
"Pomacanthus sexstriatus",46,"Mobile invertebrate feeder","Benthic Reef dwelling"
"Pomacentrus moluccensis",9,"Omnivore","Benthic Reef dwelling"
"Pomacentrus wardi",9.9,"Herbivore-detritivore","Benthic Reef dwelling"
"Pomadasys argyreus",40,"Mobile invertebrate feeder","Benthic Reef associated"
"Pomadasys commersonnii",80,"Mobile invertebrate feeder","Benthic Reef associated"
"Pomadasys incisus",50,"Mobile invertebrate feeder","Bentho-pelagic Reef associated"
"Pomadasys jubelini",60,"Mobile invertebrate feeder","Bentho-pelagic Reef associated"
"Pomadasys maculatus",59.3,"Mobile invertebrate feeder","Benthic Reef associated"
"Pomadasys striatus",22,"Mobile invertebrate feeder","Bentho-pelagic Reef dwelling"
"Priacanthus arenatus",50,"Fish-cephalopod feeder","Bentho-pelagic Reef dwelling"
"Priacanthus hamrur",45,"Mobile invertebrate feeder","Bentho-pelagic Reef dwelling"
"Priacanthus macracanthus",34.2,"Mobile invertebrate feeder","Bentho-pelagic Reef dwelling"
"Priacanthus tayenus",35,"Mobile invertebrate feeder","Bentho-pelagic Reef dwelling"
"Pristotis obtusirostris",14,"Planktivore","Bentho-pelagic Reef dwelling"
"Pronotogrammus martinicensis",20,"Planktivore","Bentho-pelagic Reef dwelling"
"Pseudanthias squamipinnis",15,"Planktivore","Bentho-pelagic Reef dwelling"
"Pseudobalistes flavimarginatus",60,"Mobile invertebrate feeder","Benthic Reef dwelling"
"Pseudocaranx dentex",122,"Fish-cephalopod feeder","Bentho-pelagic Reef associated"
"Pseudochromis fuscus",10,"Fish-cephalopod feeder","Benthic Reef dwelling"
"Pseudotolithus senegalensis",114,"Fish-cephalopod feeder","Benthic Reef associated"
"Pseudupeneus maculatus",30,"Mobile invertebrate feeder","Benthic Reef dwelling"
"Pseudupeneus prayensis",63.7,"Mobile invertebrate feeder","Benthic Reef dwelling"
"Pterapogon kauderni",8,"Planktivore","Bentho-pelagic Reef associated"
"Pterocaesio pisang",21,"Planktivore","Pelagic Reef dwelling"
"Rachycentron canadum",200,"Fish-cephalopod feeder","Pelagic Reef associated"
"Rastrelliger kanagurta",37.2,"Planktivore","Pelagic Reef associated"
"Rhabdamia gracilis",6,"Planktivore","Bentho-pelagic Reef dwelling"
"Rhabdosargus sarba",80,"Mobile invertebrate feeder","Benthic Reef associated"
"Rhinecanthus aculeatus",30,"Mobile invertebrate feeder","Benthic Reef dwelling"
"Rhomboplites aurorubens",60,"Mobile invertebrate feeder","Pelagic Reef associated"
"Roncador stearnsii",70,"Mobile invertebrate feeder","Benthic Reef associated"
"Rudarius ercodes",7.5,"Mobile invertebrate feeder","Benthic Reef associated"
"Salarias patzneri",7,"Herbivore-detritivore","Benthic Reef dwelling"
"Sarda sarda",98.5,"Fish-cephalopod feeder","Pelagic Reef associated"
"Sargocentron diadema",17,"Mobile invertebrate feeder","Bentho-pelagic Reef dwelling"
"Sargocentron microstoma",20,"Mobile invertebrate feeder","Bentho-pelagic Reef dwelling"
"Sarpa salpa",59.5,"Herbivore-detritivore","Pelagic Reef associated"
"Scarus altipinnis",60,"Herbivore-detritivore","Bentho-pelagic Reef dwelling"
"Scarus chameleon",31,"Herbivore-detritivore","Bentho-pelagic Reef dwelling"
"Scarus coeruleus",100,"Herbivore-detritivore","Bentho-pelagic Reef dwelling"
"Scarus ferrugineus",41,"Herbivore-detritivore","Bentho-pelagic Reef dwelling"
"Scarus forsteni",55,"Herbivore-detritivore","Bentho-pelagic Reef dwelling"
"Scarus frenatus",47,"Herbivore-detritivore","Bentho-pelagic Reef dwelling"
"Scarus ghobban",90,"Herbivore-detritivore","Bentho-pelagic Reef dwelling"
"Scarus guacamaia",120,"Herbivore-detritivore","Bentho-pelagic Reef dwelling"
"Scarus iseri",35,"Herbivore-detritivore","Bentho-pelagic Reef dwelling"
"Scarus niger",40,"Herbivore-detritivore","Bentho-pelagic Reef dwelling"
"Scarus psittacus",30,"Herbivore-detritivore","Bentho-pelagic Reef dwelling"
"Scarus rivulatus",46,"Herbivore-detritivore","Bentho-pelagic Reef dwelling"
"Scarus rubroviolaceus",70,"Herbivore-detritivore","Bentho-pelagic Reef dwelling"
"Scarus scaber",37,"Herbivore-detritivore","Bentho-pelagic Reef dwelling"
"Scarus schlegeli",40,"Herbivore-detritivore","Bentho-pelagic Reef dwelling"
"Scarus vetula",61,"Herbivore-detritivore","Bentho-pelagic Reef dwelling"
"Sciaena umbra",70,"Mobile invertebrate feeder","Benthic Reef associated"
"Scolopsis lineata",23,"Mobile invertebrate feeder","Benthic Reef dwelling"
"Scolopsis taeniata",36,"Mobile invertebrate feeder","Benthic Reef dwelling"
"Scolopsis taenioptera",39.1,"Mobile invertebrate feeder","Benthic Reef associated"
"Scomberoides lysan",110,"Fish-cephalopod feeder","Pelagic Reef associated"
"Scomberomorus brasiliensis",139.1,"Fish-cephalopod feeder","Pelagic Reef associated"
"Scomberomorus cavalla",170,"Fish-cephalopod feeder","Pelagic Reef associated"
"Scomberomorus commerson",258.7,"Fish-cephalopod feeder","Pelagic Reef associated"
"Scomberomorus guttatus",85.5,"Fish-cephalopod feeder","Pelagic Reef associated"
"Scomberomorus maculatus",101.2,"Fish-cephalopod feeder","Pelagic Reef associated"
"Scomberomorus regalis",183,"Fish-cephalopod feeder","Pelagic Reef associated"
"Scomberomorus semifasciatus",140,"Fish-cephalopod feeder","Pelagic Reef associated"
"Scorpaena cardinalis",41,"Fish-cephalopod feeder","Benthic Reef dwelling"
"Scorpaena guttata",43,"Fish-cephalopod feeder","Benthic Reef dwelling"
"Scorpaena loppei",15,"Mobile invertebrate feeder","Benthic Reef associated"
"Scorpaena maderensis",14,"Fish-cephalopod feeder","Benthic Reef associated"
"Scorpaena notata",24,"Mobile invertebrate feeder","Benthic Reef dwelling"
"Scorpaena porcus",37,"Fish-cephalopod feeder","Benthic Reef dwelling"
"Scorpaena scrofa",50,"Fish-cephalopod feeder","Benthic Reef associated"
"Scorpis aequipinnis",40,"Planktivore","Pelagic Reef associated"
"Scorpis lineolata",30,"Planktivore","Pelagic Reef dwelling"
"Sebastes caurinus",58,"Mobile invertebrate feeder","Benthic Reef dwelling"
"Sebastes constellatus",46,"Mobile invertebrate feeder","Benthic Reef dwelling"
"Sebastes emphaeus",18,"Mobile invertebrate feeder","Benthic Reef dwelling"
"Sebastes goodei",56,"Planktivore","Bentho-pelagic Reef associated"
"Sebastes hopkinsi",29,"Mobile invertebrate feeder","Benthic Reef dwelling"
"Sebastes inermis",35,"Planktivore","Pelagic Reef dwelling"
"Sebastes melanops",63,"Fish-cephalopod feeder","Bentho-pelagic Reef dwelling"
"Sebastes mystinus",61,"Planktivore","Bentho-pelagic Reef dwelling"
"Sebastes paucispinis",91,"Fish-cephalopod feeder","Bentho-pelagic Reef associated"
"Sebastes serranoides",61,"Fish-cephalopod feeder","Pelagic Reef dwelling"
"Sebastes steindachneri",37,"Mobile invertebrate feeder","Bentho-pelagic Reef associated"
"Sebastes taczanowskii",32,"Mobile invertebrate feeder","Bentho-pelagic Reef associated"
"Sebastiscus marmoratus",30,"Fish-cephalopod feeder","Benthic Reef dwelling"
"Selar boops",28.2,"Planktivore","Pelagic Reef associated"
"Selar crumenophthalmus",30,"Planktivore","Pelagic Reef associated"
"Selaroides leptolepis",22,"Fish-cephalopod feeder","Pelagic Reef associated"
"Semicossyphus pulcher",91,"Mobile invertebrate feeder","Benthic Reef dwelling"
"Seriola dumerili",190,"Fish-cephalopod feeder","Pelagic Reef associated"
"Seriola lalandi",200,"Fish-cephalopod feeder","Pelagic Reef associated"
"Seriola quinqueradiata",150,"Fish-cephalopod feeder","Pelagic Reef associated"
"Serranus atricauda",43.2,"Mobile invertebrate feeder","Benthic Reef dwelling"
"Serranus cabrilla",47,"Fish-cephalopod feeder","Benthic Reef associated"
"Serranus hepatus",25,"Mobile invertebrate feeder","Benthic Reef associated"
"Serranus scriba",45,"Mobile invertebrate feeder","Benthic Reef associated"
"Serranus subligarius",10,"Mobile invertebrate feeder","Benthic Reef associated"
"Siganus argenteus",40,"Herbivore-macroalgae feeder","Bentho-pelagic Reef dwelling"
"Siganus canaliculatus",30,"Herbivore-macroalgae feeder","Benthic Reef associated"
"Siganus fuscescens",40,"Herbivore-macroalgae feeder","Benthic Reef associated"
"Siganus lineatus",43,"Herbivore-macroalgae feeder","Benthic Reef dwelling"
"Siganus luridus",30,"Herbivore-macroalgae feeder","Benthic Reef dwelling"
"Siganus rivulatus",27,"Herbivore-macroalgae feeder","Benthic Reef dwelling"
"Siganus sutor",54.4,"Herbivore-macroalgae feeder","Benthic Reef dwelling"
"Siganus vermiculatus",45,"Herbivore-macroalgae feeder","Benthic Reef dwelling"
"Sparisoma atomarium",25,"Herbivore-detritivore","Bentho-pelagic Reef dwelling"
"Sparisoma aurofrenatum",28,"Herbivore-detritivore","Bentho-pelagic Reef dwelling"
"Sparisoma chrysopterum",46,"Herbivore-detritivore","Bentho-pelagic Reef dwelling"
"Sparisoma cretense",50,"Herbivore-detritivore","Bentho-pelagic Reef dwelling"
"Sparisoma frondosum",50,"Herbivore-detritivore","Bentho-pelagic Reef dwelling"
"Sparisoma rubripinne",47.8,"Herbivore-detritivore","Bentho-pelagic Reef dwelling"
"Sparisoma strigatum",58.2,"Herbivore-detritivore","Bentho-pelagic Reef dwelling"
"Sparisoma viride",64,"Herbivore-detritivore","Bentho-pelagic Reef dwelling"
"Sparodon durbanensis",120,"Mobile invertebrate feeder","Benthic Reef dwelling"
"Sparus aurata",70,"Mobile invertebrate feeder","Bentho-pelagic Reef associated"
"Sphoeroides testudineus",30,"Sessile invertebrate feeder","Bentho-pelagic Reef associated"
"Sphyraena barracuda",200,"Fish-cephalopod feeder","Pelagic Reef associated"
"Sphyraena flavicauda",60,"Fish-cephalopod feeder","Pelagic Reef dwelling"
"Sphyraena jello",150,"Fish-cephalopod feeder","Pelagic Reef associated"
"Sphyraena obtusata",55,"Fish-cephalopod feeder","Pelagic Reef associated"
"Sphyraena pinguis",50,"Fish-cephalopod feeder","Pelagic Reef associated"
"Sphyraena putnamae",90,"Fish-cephalopod feeder","Pelagic Reef associated"
"Sphyraena sphyraena",165,"Fish-cephalopod feeder","Pelagic Reef associated"
"Sphyraena viridensis",71.4,"Fish-cephalopod feeder","Pelagic Reef associated"
"Spondyliosoma cantharus",71.4,"Mobile invertebrate feeder","Bentho-pelagic Reef associated"
"Stegastes acapulcoensis",17,"Omnivore","Benthic Reef dwelling"
"Stegastes arcifrons",16.35387,"Omnivore","Benthic Reef dwelling"
"Stegastes beebei",18.61695,"Omnivore","Benthic Reef dwelling"
"Stegastes flavilatus",12.3434,"Omnivore","Benthic Reef dwelling"
"Stegastes fuscus",16,"Herbivore-detritivore","Benthic Reef dwelling"
"Stegastes nigricans",14,"Herbivore-detritivore","Benthic Reef dwelling"
"Stegastes planifrons",13,"Herbivore-detritivore","Bentho-pelagic Reef dwelling"
"Stegastes rectifraenum",13.5,"Omnivore","Benthic Reef dwelling"
"Stephanolepis hispidus",27.5,"Omnivore","Bentho-pelagic Reef dwelling"
"Stethojulis albovittata",14,"Mobile invertebrate feeder","Benthic Reef dwelling"
"Stethojulis trilineata",15,"Mobile invertebrate feeder","Benthic Reef dwelling"
"Symphodus cinereus",16,"Mobile invertebrate feeder","Bentho-pelagic Reef associated"
"Symphodus mediterraneus",21.8,"Mobile invertebrate feeder","Bentho-pelagic Reef associated"
"Symphodus melops",33.5,"Mobile invertebrate feeder","Benthic Reef dwelling"
"Symphodus ocellatus",14.1,"Mobile invertebrate feeder","Bentho-pelagic Reef dwelling"
"Symphodus roissali",22.6,"Mobile invertebrate feeder","Benthic Reef dwelling"
"Symphodus rostratus",18.4,"Mobile invertebrate feeder","Benthic Reef dwelling"
"Symphodus tinca",52.5,"Mobile invertebrate feeder","Benthic Reef dwelling"
"Symphorus nematophorus",118.8,"Fish-cephalopod feeder","Benthic Reef dwelling"
"Syngnathoides biaculeatus",29,"Mobile invertebrate feeder","Benthic Reef associated"
"Syngnathus typhle",35,"Mobile invertebrate feeder","Benthic Reef associated"
"Synodus myops",40,"Fish-cephalopod feeder","Benthic Reef associated"
"Synodus variegatus",40,"Fish-cephalopod feeder","Benthic Reef dwelling"
"Tautoga onitis",91,"Mobile invertebrate feeder","Benthic Reef dwelling"
"Tautogolabrus adspersus",38,"Mobile invertebrate feeder","Benthic Reef dwelling"
"Thalassoma hardwicke",20,"Mobile invertebrate feeder","Benthic Reef dwelling"
"Trachinotus falcatus",147.5,"Mobile invertebrate feeder","Pelagic Reef associated"
"Trachinotus marginatus",45,"Mobile invertebrate feeder","Pelagic Reef associated"
"Trachurus capensis",65.9,"Planktivore","Pelagic Reef associated"
"Trachurus declivis",73,"Planktivore","Pelagic Reef associated"
"Trachurus indicus",35,"Planktivore","Pelagic Reef associated"
"Trachurus japonicus",50,"Planktivore","Pelagic Reef associated"
"Trachurus lathami",40,"Planktivore","Pelagic Reef associated"
"Trachurus mediterraneus",68.6,"Planktivore","Pelagic Reef associated"
"Trachurus murphyi",70,"Planktivore","Pelagic Reef associated"
"Trachurus novaezelandiae",58.3,"Planktivore","Pelagic Reef associated"
"Trachurus picturatus",60,"Planktivore","Pelagic Reef associated"
"Trachurus symmetricus",81,"Planktivore","Pelagic Reef associated"
"Trachurus trachurus",70,"Planktivore","Pelagic Reef associated"
"Trachurus trecae",39.4,"Planktivore","Pelagic Reef associated"
"Trimma benjamini",2.8,"Planktivore","Benthic Reef dwelling"
"Trimma nasa",2.3,"Planktivore","Bentho-pelagic Reef dwelling"
"Triso dermopterus",68,"Fish-cephalopod feeder","Benthic Reef associated"
"Umbrina cirrosa",73,"Mobile invertebrate feeder","Benthic Reef associated"
"Umbrina ronchus",100,"Mobile invertebrate feeder","Benthic Reef associated"
"Upeneus japonicus",20,"Mobile invertebrate feeder","Benthic Reef associated"
"Upeneus moluccensis",20,"Mobile invertebrate feeder","Benthic Reef associated"
"Upeneus sulphureus",23,"Mobile invertebrate feeder","Benthic Reef associated"
"Upeneus taeniopterus",33,"Mobile invertebrate feeder","Benthic Reef associated"
"Upeneus vittatus",28,"Mobile invertebrate feeder","Benthic Reef associated"
"Uraspis helvola",58,"Mobile invertebrate feeder","Bentho-pelagic Reef associated"
"Valamugil buchanani",100,"Herbivore-detritivore","Pelagic Reef associated"
"Valenciennea muralis",11.6,"Herbivore-detritivore","Benthic Reef associated"
"Variola louti",83,"Fish-cephalopod feeder","Benthic Reef dwelling"
"Xiphocheilus typus",14.8,"Mobile invertebrate feeder","Benthic Reef associated"
"Xyrichtys novacula",38,"Mobile invertebrate feeder","Bentho-pelagic Reef associated"
"Zebrasoma flavescens",20,"Herbivore-detritivore","Bentho-pelagic Reef dwelling"
"Zebrasoma scopas",23.3,"Herbivore-detritivore","Bentho-pelagic Reef dwelling"
"Zebrasoma velifer",47.6,"Herbivore-detritivore","Bentho-pelagic Reef dwelling"
"Acanthurus leucosternon",54,"HerDet","BtPlDw"
"Acanthurus lineatus",38,"HerDet","BtPlDw"
"Acanthurus nigrofuscus",21,"HerDet","BtPlDw"
"Acanthurus tennentii",31,"HerDet","BtPlDw"
"Acanthurus triostegus",27,"HerDet","BtPlDw"
"Aethaloperca rogaa",60,"FisCep","BnthDw"
"Amblyglyphidodon leucogaster",13,"Plktiv","BtPlDw"
"Anampses meleagrides",22,"InvMob","BnthDw"
"Anyperodon leucogrammicus",65,"FisCep","BnthDw"
"Apolemichthys trimaculatus",26,"InvSes","BnthDw"
"Aprion virescens",112,"FisCep","PelgAs"
"Bodianus axillaris",20,"InvMob","BtPlDw"
"Calotomus carolinus",54,"HerDet","BtPlDw"
"Cantherhines pardalis",25,"Omnivr","BnthDw"
"Centropyge multispinis",14,"InvSes","BnthDw"
"Cephalopholis argus",60,"FisCep","BnthDw"
"Cephalopholis leopardus",24,"FisCep","BnthDw"
"Cephalopholis miniata",50,"FisCep","BnthDw"
"Cephalopholis urodeta",28,"FisCep","BnthDw"
"Cetoscarus bicolor",90,"HerDet","BtPlDw"
"Chaetodon auriga",23,"InvMob","BnthDw"
"Chaetodon guttatissimus",12,"Omnivr","BnthDw"
"Chaetodon kleinii",15,"InvSes","BnthDw"
"Chaetodon lineolatus",30,"InvSes","BtPlDw"
"Chaetodon lunula",20,"Omnivr","BtPlDw"
"Chaetodon melannotus",18,"InvSes","BnthDw"
"Chaetodon meyeri",20,"InvSes","BnthDw"
"Chaetodon trifascialis",18,"InvSes","BnthDw"
"Chaetodon trifasciatus",15,"InvSes","BnthDw"
"Chaetodon xanthocephalus",20,"Omnivr","BnthDw"
"Chaetodon zanzibarensis",12,"InvSes","BnthDw"
"Cheilinus fasciatus",52,"InvMob","BtPlDw"
"Cheilinus trilobatus",45,"InvMob","BtPlDw"
"Chlorurus atrilunula",30,"HerDet","BtPlDw"
"Chlorurus sordidus",40,"HerDet","BtPlDw"
"Chlorurus strongylocephalus",70,"HerDet","BtPlDw"
"Chromis atripectoralis",12,"Plktiv","BtPlDw"
"Chromis ternatensis",10.5,"Plktiv","BtPlDw"
"Chromis weberi",13.5,"Plktiv","BtPlDw"
"Coris formosa",60,"InvMob","BtPlDw"
"Ctenochaetus binotatus",22,"HerDet","BtPlDw"
"Ctenochaetus striatus",26,"HerDet","BtPlDw"
"Ctenochaetus truncatus",20,"HerDet","BtPlDw"
"Dascyllus trimaculatus",14,"Plktiv","BtPlDw"
"Diagramma pictum",100,"InvMob","BtPlDw"
"Epibulus insidiator",71,"FisCep","BnthDw"
"Epinephelus coeruleopunctatus",76,"FisCep","BnthDw"
"Epinephelus fasciatus",40,"InvMob","BnthAs"
"Epinephelus hexagonatus",27.5,"FisCep","BnthDw"
"Epinephelus merra",32,"InvMob","BnthDw"
"Epinephelus spilotoceps",35,"FisCep","BnthAs"
"Epinephelus tukula",200,"FisCep","BnthDw"
"Gomphosus caeruleus",32,"InvMob","BtPlDw"
"Halichoeres cosmetus",13,"InvMob","BtPlDw"
"Halichoeres hortulanus",27,"InvMob","BtPlDw"
"Halichoeres marginatus",18,"InvMob","BtPlDw"
"Halichoeres scapularis",20,"InvMob","BtPlDw"
"Hemigymnus fasciatus",80,"InvMob","BtPlDw"
"Hemigymnus melapterus",60,"InvMob","BtPlDw"
"Hipposcarus harid",75,"HerDet","BtPlDw"
"Labrichthys unilineatus",17.5,"InvSes","BnthDw"
"Labroides bicolor",15,"InvMob","BtPlDw"
"Labroides dimidiatus",14,"InvMob","BnthDw"
"Leptoscarus vaigiensis",35,"HerMac","BnthAs"
"Lethrinus enigmaticus",55,"InvMob","BnthDw"
"Lethrinus harak",50,"InvMob","BnthAs"
"Lethrinus lentjan",52,"InvMob","BnthAs"
"Lethrinus mahsena",65,"InvMob","BnthDw"
"Lethrinus nebulosus",87,"InvMob","BtPlAs"
"Lethrinus obsoletus",60,"InvMob","BtPlAs"
"Lethrinus olivaceus",100,"FisCep","BtPlDw"
"Lethrinus rubrioperculatus",50,"InvMob","BnthDw"
"Lutjanus argentimaculatus",150,"FisCep","BtPlAs"
"Lutjanus bohar",90,"FisCep","BtPlDw"
"Lutjanus fulviflamma",35,"InvMob","BtPlDw"
"Lutjanus gibbus",50,"InvMob","BtPlDw"
"Lutjanus kasmira",40,"InvMob","BtPlDw"
"Lutjanus monostigma",60,"FisCep","BtPlDw"
"Lutjanus rivulatus",80,"FisCep","BtPlAs"
"Macolor niger",75,"FisCep","PelgAs"
"Macropharyngodon bipartitus",13,"InvMob","BnthAs"
"Monotaxis grandoculis",60,"InvMob","BtPlDw"
"Mulloidichthys flavolineatus",43,"InvMob","BtPlDw"
"Naso elegans",50,"HerMac","BnthAs"
"Neoglyphidodon melas",18,"Omnivr","BtPlDw"
"Novaculichthys taeniourus",30,"InvMob","BtPlAs"
"Oxycheilinus digramma",50,"FisCep","BtPlDw"
"Oxymonacanthus longirostris",12,"InvSes","BnthDw"
"Paracanthurus hepatus",31,"Plktiv","BtPlDw"
"Parupeneus barberinus",60,"InvMob","BnthDw"
"Parupeneus ciliatus",38,"InvMob","BnthDw"
"Parupeneus cyclostomus",50,"FisCep","BnthDw"
"Parupeneus macronemus",40,"InvMob","BnthDw"
"Parupeneus rubescens",43,"InvMob","BnthDw"
"Parupeneus trifasciatus",35,"InvMob","BnthDw"
"Plectorhinchus gibbosus",75,"InvMob","BtPlAs"
"Plectorhinchus orientalis",81,"InvMob","BtPlDw"
"Plectorhinchus schotaf",80,"InvMob","BtPlAs"
"Plectroglyphidodon dickii",11,"Omnivr","BnthDw"
"Plectroglyphidodon johnstonianus",14,"Omnivr","BnthDw"
"Plectroglyphidodon lacrymatus",10,"Omnivr","BnthDw"
"Pomacanthus imperator",50,"InvSes","BtPlDw"
"Pomacanthus semicirculatus",49,"Omnivr","BtPlAs"
"Pomacentrus trilineatus",10,"HerDet","BtPlDw"
"Scarus caudofasciatus",50,"HerDet","BtPlDw"
"Scarus falcipinnis",60,"HerDet","BtPlDw"
"Scarus frenatus",47,"HerDet","BtPlDw"
"Scarus ghobban",75,"HerDet","BtPlDw"
"Scarus globiceps",45,"HerDet","BtPlDw"
"Scarus niger",40,"HerDet","BtPlDw"
"Scarus prasiognathos",70,"HerDet","BtPlDw"
"Scarus psittacus",34,"HerDet","BtPlDw"
"Scarus rubroviolaceus",70,"HerDet","BtPlDw"
"Scarus scaber",37,"HerDet","BtPlDw"
"Scarus tricolor",37,"HerDet","BtPlDw"
"Scarus viridifucatus",45,"HerDet","BtPlDw"
"Scolopsis frenatus",26,"InvMob","BtPlAs"
"Siganus argenteus",40,"HerMac","BtPlDw"
"Siganus puelloides",31,"Omnivr","BnthDw"
"Siganus stellatus",40,"HerDet","BnthDw"
"Siganus sutor",50,"HerMac","BnthDw"
"Stegastes nigricans",14,"Omnivr","BnthDw"
"Stethojulis albovittata",14,"InvMob","BnthDw"
"Sufflamen chrysopterum",30,"InvMob","BnthDw"
"Thalassoma hardwicke",20,"InvMob","BnthDw"
"Thalassoma hebraicum",23,"InvMob","BnthDw"
"Thalassoma lunare",25,"InvMob","BnthDw"
"Zanclus cornutus",23,"InvSes","BnthDw"
"Zebrasoma desjardinii",40,"HerDet","BtPlDw"
"Zebrasoma scopas",48,"HerDet","BtPlDw"
"Abudefduf sexfasciatus",15,"Plktiv","BtPlAs"
"Abudefduf sordidus",25,"Omnivr","BtPlDw"
"Abudefduf vaigiensis",20,"Plktiv","BtPlDw"
"Acanthurus leucosternon",50,"HerDet","BtPlDw"
"Acanthurus lineatus",40,"HerDet","BtPlDw"
"Acanthurus mata",50,"Plktiv","BtPlDw"
"Acanthurus nigricauda",40,"HerDet","BtPlDw"
"Acanthurus nigrofuscus",20,"HerDet","BtPlDw"
"Acanthurus tennentii",30,"HerDet","BtPlDw"
"Acanthurus triostegus",25,"HerDet","BtPlDw"
"Amblyglyphidodon leucogaster",15,"Plktiv","BtPlDw"
"Anampses caeruleopunctatus",40,"InvMob","BnthDw"
"Anampses meleagrides",20,"InvMob","BnthDw"
"Aphareus furca",70,"FisCep","BtPlDw"
"Apolemichthys trimaculatus",25,"InvSes","BnthDw"
"Aprion virescens",120,"FisCep","PelgAs"
"Arothron meleagris",50,"InvSes","BnthDw"
"Arothron nigropunctatus",35,"InvSes","BnthDw"
"Balistapus undulatus",30,"InvMob","BtPlDw"
"Balistoides viridescens",80,"InvMob","BtPlDw"
"Calotomus carolinus",50,"HerDet","BtPlDw"
"Carangoides ferdau",70,"FisCep","PelgAs"
"Caranx melampygus",120,"FisCep","PelgAs"
"Carcharhinus melanopterus",200,"FisCep","PelgAs"
"Centropyge multispinis",15,"InvSes","BnthDw"
"Cephalopholis nigripinnis",30,"FisCep","BnthDw"
"Cephalopholis spiloparaea",30,"FisCep","BnthDw"
"Cetoscarus bicolor",70,"HerDet","BtPlDw"
"Chaetodon auriga",25,"InvMob","BnthDw"
"Chaetodon falcula",20,"InvSes","BnthDw"
"Chaetodon guttatissimus",10,"InvSes","BnthDw"
"Chaetodon trifascialis",20,"InvSes","BnthDw"
"Chaetodon xanthocephalus",20,"InvSes","BnthDw"
"Chaetodon zanzibarensis",10,"InvSes","BnthDw"
"Cheilinus fasciatus",50,"InvMob","BtPlDw"
"Cheilinus trilobatus",50,"InvMob","BtPlDw"
"Chlorurus capistratoides",40,"HerDet","BtPlDw"
"Chlorurus enneacanthus",50,"HerDet","BtPlDw"
"Chromis atripectoralis",10,"Plktiv","BtPlDw"
"Chromis dimidiata",10,"Plktiv","BtPlDw"
"Chromis viridis",10,"Plktiv","BtPlDw"
"Chromis weberi",15,"Plktiv","BtPlDw"
"Chrysiptera brownriggii",8,"Omnivr","BnthDw"
"Cirrhitichthys oxycephalus",10,"InvMob","BnthDw"
"Ctenochaetus binotatus",20,"HerDet","BtPlDw"
"Ctenochaetus striatus",25,"HerDet","BtPlDw"
"Ctenochaetus truncatus",15,"HerDet","BtPlDw"
"Dascyllus aruanus",10,"Plktiv","BnthDw"
"Epibulus insidiator",70,"FisCep","BnthDw"
"Epinephelus fuscoguttatus",120,"FisCep","BnthDw"
"Epinephelus merra",30,"FisCep","BnthDw"
"Gomphosus caeruleus",30,"InvMob","BtPlDw"
"Halichoeres cosmetus",15,"InvMob","BtPlDw"
"Halichoeres hortulanus",25,"InvMob","BtPlDw"
"Halichoeres marginatus",20,"InvMob","BtPlDw"
"Hemigymnus fasciatus",50,"InvMob","BtPlDw"
"Heniochus monoceros",25,"InvMob","BtPlDw"
"Hipposcarus harid",80,"HerDet","BtPlDw"
"Kyphosus cinerascens",50,"HerMac","PelgDw"
"Labrichthys unilineatus",20,"InvSes","BnthDw"
"Labroides dimidiatus",15,"InvMob","BtPlDw"
"Lethrinus erythracanthus",70,"InvMob","BnthDw"
"Lutjanus bohar",100,"FisCep","BtPlDw"
"Macolor niger",80,"FisCep","PelgAs"
"Melichthys indicus",25,"InvMob","BtPlDw"
"Mulloidichthys flavolineatus",40,"InvMob","BtPlDw"
"Myripristis vittata",25,"InvMob","BtPlDw"
"Naso annulatus",100,"Plktiv","PelgDw"
"Naso brachycentron",100,"HerMac","BtPlDw"
"Naso hexacanthus",80,"Plktiv","PelgDw"
"Naso lituratus",60,"HerMac","BtPlDw"
"Naso unicornis",70,"HerMac","BtPlDw"
"Naso vlamingii",60,"Plktiv","BtPlDw"
"Ostracion meleagris",25,"InvSes","BtPlDw"
"Oxymonacanthus longirostris",10,"InvSes","BnthDw"
"Paracirrhites arcatus",15,"InvMob","BnthDw"
"Paracirrhites forsteri",20,"FisCep","BnthDw"
"Parapercis millepunctata",20,"InvMob","BnthAs"
"Parupeneus bifasciatus",35,"InvMob","BnthDw"
"Platax orbicularis",50,"Omnivr","BtPlAs"
"Plectorhinchus orientalis",80,"InvMob","BtPlDw"
"Plectroglyphidodon dickii",10,"Omnivr","BnthDw"
"Plectroglyphidodon johnstonianus",15,"Omnivr","BnthDw"
"Plectropomus areolatus",80,"FisCep","BnthDw"
"Plectropomus laevis",120,"FisCep","BnthDw"
"Pomacentrus caeruleus",10,"Omnivr","BnthDw"
"Pomacentrus indicus",10,"HerDet","BnthDw"
"Pomacentrus taeniometopon",10,"HerDet","BnthDw"
"Pomacentrus wardi",10,"HerDet","BnthDw"
"Pseudocheilinus hexataenia",10,"InvMob","BnthDw"
"Pygoplites diacanthus",30,"InvSes","BtPlDw"
"Sargocentron spiniferum",50,"InvMob","BtPlDw"
"Scarus frenatus",50,"HerDet","BtPlDw"
"Scarus ghobban",80,"HerDet","BtPlDw"
"Scarus globiceps",50,"HerDet","BtPlDw"
"Scarus psittacus",35,"HerDet","BtPlDw"
"Scarus scaber",35,"HerDet","BtPlDw"
"Scarus tricolor",35,"HerDet","BtPlDw"
"Siganus argenteus",40,"HerDet","BtPlDw"
"Stegastes fasciolatus",15,"HerDet","BnthDw"
"Stegastes gascoynei",15,"HerDet","BnthDw"
"Stegastes lividus",10,"HerDet","BnthDw"
"Stegastes nigricans",15,"Omnivr","BnthDw"
"Stethojulis albovittata",15,"InvMob","BnthDw"
"Stethojulis strigiventer",15,"InvMob","BnthDw"
"Sufflamen chrysopterus",30,"InvMob","BtPlDw"
"Thalassoma amblycephalum",20,"Plktiv","BtPlDw"
"Thalassoma hebraicum",25,"InvMob","BnthDw"
"Thalassoma purpureum",50,"InvMob","BnthDw"
"Thalassoma quinquevittatum",15,"InvMob","BnthDw"
"Variola louti",80,"FisCep","BnthDw"
"Zanclus cornutus",25,"InvSes","BnthDw"
"Zebrasoma scopas",25,"HerDet","BtPlDw"
