country,site,aca_geomorphic,aca_benthic,andrello_grav_nc,andrello_sediment,andrello_nutrient,andrello_pop_count,andrello_num_ports,andrello_reef_value,andrello_cumul_score
Fiji,BU01N,Sheltered Reef Slope,Coral/Algae,7.115873,20.467846,0.003279,2298.174812,0,479.000011,0.624475
Fiji,BU02,Sheltered Reef Slope,Coral/Algae,NA,NA,NA,NA,NA,NA,NA
Fiji,BU03,NA,NA,8.524843,59.740091,0.017241,3975.77415,0,0,0.506017
Fiji,BU07,Terrestrial Reef Flat,Rock,1.964416,0,0,6225.163514,0,29,0.391538
Fiji,BU08,Terrestrial Reef Flat,Rock,NA,NA,NA,NA,NA,NA,NA
Fiji,BU09,Sheltered Reef Slope,Rock,7.115873,20.467847,0.003279,2298.17483,0,479.000015,0.624475
Fiji,NAO1,Terrestrial Reef Flat,Coral/Algae,5.392963,30.52259,0.002026,6255.26539,2,65.999999,0.796651
Fiji,NAO2N,Sheltered Reef Slope,Coral/Algae,5.392963,30.522592,0.002026,6255.265691,2,66.000002,0.796651
Fiji,NAO3,Deep Lagoon,Coral/Algae,5.392963,30.52259,0.002026,6255.265291,2,65.999998,0.796651
Fiji,NAO6,NA,NA,5.392963,30.52259,0.002026,6255.265226,2,65.999998,0.796651
Fiji,NAO7,Sheltered Reef Slope,Coral/Algae,5.392963,30.522591,0.002026,6255.265456,2,66,0.796651
Fiji,NAOBF2,Sheltered Reef Slope,Coral/Algae,2.971754,49.417097,0.002612,5936.682315,2,184.999991,0.799669
Fiji,NAOBF3,Sheltered Reef Slope,Coral/Algae,3.10539,14.30939,0.001129,33.943401,0,17.000001,0.51412
Fiji,NAOBF4,Sheltered Reef Slope,Coral/Algae,3.10539,14.309389,0.001129,33.943399,0,17,0.51412
Fiji,NAOBT1,Shallow Lagoon,Sand,2.971755,49.417101,0.002612,5936.68288,2,185.000009,0.799669
Fiji,NAOBT2,Back Reef Slope,Coral/Algae,2.971755,49.4171,0.002612,5936.682686,2,185.000003,0.799669
Fiji,NAOBT3,Back Reef Slope,Coral/Algae,2.971755,49.4171,0.002612,5936.682764,2,185.000005,0.799669
Fiji,VIR1,Sheltered Reef Slope,Coral/Algae,2.102,0,2.52e-4,1.043793,0,502.000015,0.412173
Fiji,VIR10,NA,NA,3.379891,131.479817,0.032548,0,0,0,0.364163
Fiji,VIR11,Sheltered Reef Slope,Coral/Algae,2.764246,31.672142,0.018435,0,0,5,0.46012
Fiji,VIR2,NA,NA,2.101999,0,2.52e-4,1.043793,0,501.999995,0.412173
Fiji,VIR3,Sheltered Reef Slope,Coral/Algae,2.102,0,2.52e-4,1.043793,0,502.000003,0.412173
Fiji,VIR5,Sheltered Reef Slope,Coral/Algae,2.341893,0.045262,0.001696,1.043793,0,212.999993,0.488443
Fiji,VIR6,Sheltered Reef Slope,Coral/Algae,3.379891,131.479808,0.032548,0,0,0,0.364163
Fiji,VIR7,Sheltered Reef Slope,NA,2.980839,42.584305,0.01842,0,0,0,0.34367
Fiji,VIR8,Sheltered Reef Slope,NA,2.980839,42.584305,0.01842,0,0,0,0.34367
Fiji,VIR9,Sheltered Reef Slope,Coral/Algae,2.581787,4.770352,0.005847,1.043793,0,4,0.48938
Madagascar,Ambarinidada_11,Sheltered Reef Slope,Seagrass,1.549488,76.156809,0.017598,1222.467341,0,24.000001,0.583876
Madagascar,Ambato_04,Deep Lagoon,Sand,2.111112,819.176164,0.003927,4235.336134,0,0,0.494623
Madagascar,Ambato_05,NA,NA,2.111112,819.176161,0.003927,4235.336122,0,0,0.494623
Madagascar,Ambatofisaka_19,Sheltered Reef Slope,Coral/Algae,0.417439,36.426219,0.011197,24.456886,0,49.999999,0.494906
Madagascar,Ambatomilay_18,Deep Lagoon,Sand,0.417439,36.426219,0.011197,24.456886,0,49.999999,0.494906
Madagascar,Amparimilay_10,Sheltered Reef Slope,Sand,1.567779,8.142005,0.004835,1539.387911,0,32.000001,0.5572
Madagascar,Andra_06,Reef Slope,Coral/Algae,2.567681,1.740067,0.023908,226.566254,0,0,0.403126
Madagascar,Andravona_08,Back Reef Slope,Coral/Algae,2.567681,1.740067,0.023908,226.566234,0,0,0.403126
Madagascar,Andravona_12,Deep Lagoon,Sand,2.02393,1.824364,0.028441,267.092194,0,0,0.401775
Madagascar,Andre_07,NA,NA,2.02393,1.824363,0.028441,267.092185,0,0,0.401775
Madagascar,Anir_23,Shallow Lagoon,Seagrass,1.459818,3799.679656,0.066105,12844.120473,0,9,0.653521
Madagascar,Anir_24,Back Reef Slope,Coral/Algae,1.459818,3799.679782,0.066105,12844.120899,0,9,0.653521
Madagascar,Anka_01,Plateau,NA,4.660465,6.526987,0.01473,2286.004632,0,0,0.459799
Madagascar,Ankarea_03,Sheltered Reef Slope,Sand,1.661217,3.204215,0.004011,343.171126,0,0,0.391132
Madagascar,Ankaso_15,Back Reef Slope,Coral/Algae,0.602418,25.271633,0.014011,216.094879,0,14,0.512736
Madagascar,Ankivonjy_14,Plateau,NA,0.580244,0,0,532.86684,0,81.000001,0.32499
Madagascar,Anta_08,Reef Slope,Coral/Algae,0.103667,13.153008,1.13e-4,137.397606,0,0,0.022372
Madagascar,Anta_09,Reef Slope,Seagrass,2.21589,281.147536,0.002415,2936.894531,0,0,0.478208
Madagascar,Antanambe_13,NA,NA,2.16508,152.559465,0.001833,3162.810987,0,0,0.471696
Madagascar,Antanambe_14,Reef Slope,Coral/Algae,2.031174,135.047688,0.001427,2289.330558,0,0,0.461184
Madagascar,Antanambe_15,Reef Slope,Seagrass,2.031174,0,0,5311.936439,0,0,0.256313
Madagascar,Antsa_09,Reef Slope,Coral/Algae,8.52316,14.191402,0.010194,1569.267065,0,0,0.468064
Madagascar,Antsi_20,Reef Slope,Coral/Algae,1.545262,2030.140967,0.050367,10920.374258,0,0,0.524114
Madagascar,Antsi_22,Deep Lagoon,Sand,1.545262,2030.140873,0.050367,10920.37375,0,0,0.524114
Madagascar,Antsoa_07,Back Reef Slope,Coral/Algae,1.31739,17.502609,0.010968,369.18702,0,73,0.547993
Madagascar,Beangovo_04,Sheltered Reef Slope,Coral/Algae,1.097686,0.003523,0.001285,22.191731,0,0,0.323366
Madagascar,Beko_03,Reef Slope,Coral/Algae,3.078037,1.949858,0.018676,224.9083,0,0,0.405609
Madagascar,Belo_04,Back Reef Slope,Coral/Algae,3.078037,1.949858,0.018676,224.908299,0,0,0.405609
Madagascar,Iha_01,Reef Slope,Seagrass,0.809648,1395.467786,0.070438,7286.508319,0,20.270163,0.539335
Madagascar,Iha_02,Reef Slope,Seagrass,0.809648,2193.557879,0.110722,6393.569509,0,25,0.637646
Madagascar,Imor_18,Reef Slope,Coral/Algae,1.584318,1004.720347,0.031165000000000002,3387.27928,0,0,0.498756
Madagascar,Imor_19,Reef Slope,Seagrass,1.545262,2030.140913,0.050367,10920.373963,0,0,0.524114
Madagascar,Imor_21,Reef Slope,Coral/Algae,1.545262,2030.14086,0.050367,10920.373682,0,0,0.524114
Madagascar,Kisimani_16,Sheltered Reef Slope,Coral/Algae,0.641346,354.763391,0.035483,1113.511109,0,44.999999,0.585238
Madagascar,Madiro_17,Inner Reef Flat,Seagrass,0.614611,143.639864,0.028025,728.115492,0,87.000001,0.572269
Madagascar,Maintim_27,Sheltered Reef Slope,Coral/Algae,1.1551,915.154344,0.027216,1911.957842,0,3,0.597672
Madagascar,Maintim_28,Back Reef Slope,Sand,1.1551,915.154339,0.027216,1911.957831,0,3,0.597672
Madagascar,Malo_02,Reef Slope,Seagrass,2.279615,1011.986985,0.004764,2254.684418,0,0,0.487235
Madagascar,Malo_03,Deep Lagoon,Sand,2.111112,819.176137,0.003927,4235.335995,0,0,0.494623
Madagascar,Manam_06,Reef Slope,Coral/Algae,NA,NA,NA,NA,NA,NA,NA
Madagascar,Manam_07,Reef Slope,Coral/Algae,NA,NA,NA,NA,NA,NA,NA
Madagascar,Mand_10,Reef Slope,Coral/Algae,2.16508,152.559468,0.001833,3162.811052,0,0,0.471696
Madagascar,Mand_11,Reef Slope,Coral/Algae,2.16508,152.559463,0.001833,3162.810944,0,0,0.471696
Madagascar,Mand_12,Reef Slope,Coral/Algae,2.16508,152.559461,0.001833,3162.810896,0,0,0.471696
Madagascar,Marofot_01,Deep Lagoon,Seagrass,0.345358,0,0,5106.674916,0,11,0.333772
Madagascar,Marofot_02,Deep Lagoon,Seagrass,0.60687,57.260605,0.004356,4060.568413,0,21,0.567978
Madagascar,Marotogny_20,Sheltered Reef Slope,Coral/Algae,0.440881,57.466331,0.031367,993.760596,0,6,0.537779
Madagascar,NF01,Sheltered Reef Slope,Coral/Algae,1.211104,58.673155,0.033337,2211.601571,0,95.000003,0.601131
Madagascar,NK01,Sheltered Reef Slope,Coral/Algae,0.960952,216.284304,0.122549,6174.410861,0,1348.000012,0.657093
Madagascar,NK02,Sheltered Reef Slope,Coral/Algae,0.960952,216.284301,0.122549,6174.410781,0,1347.999995,0.657093
Madagascar,NosyFisaka_02,Sheltered Reef Slope,Sand,1.661217,3.204215,0.004011,343.171128,0,0,0.391132
Madagascar,NosyKaine_09,Sheltered Reef Slope,Coral/Algae,1.151712,0.017798,0.004082,55.815278,0,83.999998,0.483672
Madagascar,NosyKarabo_06,Sheltered Reef Slope,Coral/Algae,1.31739,17.502609,0.010968,369.18702,0,73,0.547993
Madagascar,NosyLava_01,Sheltered Reef Slope,Coral/Algae,1.929904,12.827414,0.014959,238.277074,0,0,0.409612
Madagascar,NosyVazoana_05,Sheltered Reef Slope,Coral/Algae,1.750494,38.071659,0.014223,1509.562339,0,36,0.584115
Madagascar,NS01,Back Reef Slope,Coral/Algae,0.803967,99.447595,0.047359,24099.851583,0,1398.000024,0.654782
Madagascar,NT01,Back Reef Slope,Coral/Algae,0.833951,151.258454,0.070188,201.674683,0,123,0.571017
Madagascar,NT02,Sheltered Reef Slope,Coral/Algae,0.833951,151.258453,0.070188,201.674682,0,122.999999,0.571017
Madagascar,Plateau_13,Plateau,NA,NA,NA,NA,NA,NA,NA,NA
Madagascar,Ranto_01,NA,NA,NA,NA,NA,NA,NA,NA,NA
Madagascar,Ratapenjiky_12,Sheltered Reef Slope,Coral/Algae,1.395866,6.236976,0.006128,1269.469805,0,96,0.559253
Madagascar,Sala_14,Shallow Lagoon,Sand,4.124429,4.400178,0.01946,2680.17445,0,0,0.459203
Madagascar,Sal_N1_11,Reef Slope,NA,4.660465,6.526987,0.01473,2286.004611,0,0,0.459799
Madagascar,Sal_N2_02,Deep Lagoon,Sand,5.173595,6.709867,0.009447,547.524552,0,0,0.433475
Madagascar,Sal_N2_05,Reef Slope,Coral/Algae,3.078037,1.949858,0.018676,224.90831,0,0,0.405609
Madagascar,Sal_N2_13,Reef Slope,NA,4.124429,2.937231,0.014391,173.387637,0,0,0.409761
Madagascar,Tsand_10,Deep Lagoon,Sand,6.854379,7.500933,0.00804,2178.447579,0,0,0.462754
Madagascar,Tsarabanjina_08,Deep Lagoon,Sand,1.151712,0.017798,0.004082,55.81528,0,84.000001,0.483672
Madagascar,Vato_25,Reef Slope,Coral/Algae,1.1551,915.154385,0.027216,1911.957928,0,3,0.597672
Madagascar,Vato_26,Sheltered Reef Slope,Seagrass,1.1551,915.154366,0.027216,1911.957888,0,3,0.597672
Madagascar,Vohi_16,Reef Slope,Coral/Algae,1.584318,607.843483,0.021587,8632.684918,0,0,0.508746
Madagascar,Vohi_17,Plateau,NA,1.584318,607.843515,0.021587,8632.685365,0,0,0.508746
Madagascar,NosyFisaka_02,NA,NA,1.532014,0.022346,0.001899,0,0,0,0.269854
Madagascar,Nosy Komba,Shallow Lagoon,Seagrass,0.949558,99.433494,0.08253,49141.048222,2,2171.999987,0.844097
Madagascar,Tandavandriva_North,Plateau,NA,NA,NA,NA,NA,NA,NA,NA
Madagascar,Tandavandriva_West,Plateau,NA,NA,NA,NA,NA,NA,NA,NA
Belize,CZFR1,NA,NA,1.254104,0,0,19.393048,0,654.999999,0.326641
Belize,CZFR2,NA,NA,1.254104,0,0,19.393048,0,655.000006,0.326641
Belize,CZFR3,NA,NA,1.254104,0,0,19.393048,0,655.000004,0.326641
Belize,CZPR1,Shallow Lagoon,Coral/Algae,1.364033,0,5e-6,19.393047,0,126.999996,0.391489
Belize,CZPR4,Deep Lagoon,Coral/Algae,1.364034,0,5e-6,19.393049,0,127.000005,0.391489
Belize,CZPR5,Deep Lagoon,Seagrass,1.364034,0,5e-6,19.39305,0,127.000012,0.391489
Belize,CZPR7,Outer Reef Flat,Coral/Algae,1.364033,0,5e-6,19.393047,0,126.999995,0.391489
Belize,GUZPR1,Deep Lagoon,Coral/Algae,1.364034,0,5e-6,19.393048,0,127.000002,0.391489
Belize,GUZPR6,Outer Reef Flat,Seagrass,1.17501,0,0,7.41954,0,407.000002,0.317165
Belize,WFR2,NA,NA,1.641132,0,2.65e-4,14.935012,0,5,0.379915
Belize,WFR3,NA,NA,1.787611,0,2.62e-4,0,0,0,0.194727
Belize,WFR4,Sheltered Reef Slope,Coral/Algae,1.787611,0,2.62e-4,0,0,0,0.194727
Belize,WFR5,Sheltered Reef Slope,NA,1.473964,0,3.3e-5,4.458036,0,276.000002,0.396832
Belize,WFR6,Reef Slope,Coral/Algae,1.473963,0,3.3e-5,4.458036,0,275.999996,0.396832
Fiji,BUA07A,Outer Reef Flat,Coral/Algae,0.640396,180.983873,0.017579,1147.865247,0,0,0.438005
Fiji,BUA08A,Sheltered Reef Slope,Coral/Algae,0.660988,160.037113,0.01575,452.007356,0,0,0.421278
Fiji,BUA20A,Sheltered Reef Slope,Coral/Algae,0.711134,173.720663,0.015508,716.188079,0,0,0.430726
Fiji,BUA24A,Sheltered Reef Slope,Coral/Algae,0.660988,160.03711,0.01575,452.007346,0,0,0.421278
Fiji,BUA25,Sheltered Reef Slope,Coral/Algae,0.660988,160.037108,0.01575,452.007341,0,0,0.421278
Fiji,KB09,Sheltered Reef Slope,Coral/Algae,0.588856,28.728336,1.15e-4,61.771226,0,130,0.493746
Fiji,KB17,Sheltered Reef Slope,Coral/Algae,0.571446,21.707561,5e-5,61.771223,0,5,0.462715
Fiji,KR7,Sheltered Reef Slope,Coral/Algae,0.535521,55.769622,6.4e-5,463.294203,0,236.999995,0.526445
Fiji,MAP01,Deep Lagoon,Coral/Algae,0.520433,43.897995,8.4e-5,476.580718,0,248.999999,0.523934
Fiji,NP1,Sheltered Reef Slope,Coral/Algae,0.520433,43.897995,8.4e-5,476.58072,0,249,0.523934
Fiji,NTRFN1,NA,NA,3.219295,524.460832,0.079795,1747.174661,0,15,0.63205
Fiji,NTRFN7,NA,NA,3.219295,524.4608,0.079795,1747.174555,0,15,0.63205
Fiji,NTRFT4,Sheltered Reef Slope,Coral/Algae,3.463065,591.92718,0.102845,1059.909091,0,14,0.626736
Fiji,NTRFT5,Outer Reef Flat,Rock,3.463065,591.927205,0.102845,1059.909134,0,14,0.626736
Fiji,NTRFT7,Outer Reef Flat,Rock,3.463065,591.927175,0.102845,1059.909082,0,14,0.626736
Fiji,NTRFT8,Sheltered Reef Slope,Coral/Algae,3.219295,524.460817,0.079795,1747.174612,0,15,0.63205
Fiji,Ada01,Reef Slope,Coral/Algae,4.07e-4,32.997696,0.001478,329.39972,0,0,0.299826
Fiji,Ada04,Reef Slope,Coral/Algae,4e-4,25.86477,5.82e-4,790.942835,0,0,0.305668
Fiji,Kan03,Sheltered Reef Slope,Coral/Algae,3.88e-4,7.353082,1.22e-4,50.311264,0,0,0.253064
Fiji,Kan04,Sheltered Reef Slope,Coral/Algae,3.97e-4,17.456099,4.45e-4,104.084179,0,0,0.272533
Fiji,Kan05,NA,NA,3.85e-4,1.796859,2.7e-5,50.311263,0,0,0.239036
Fiji,Kan06,NA,NA,3.86e-4,1.754413,2.7e-5,50.311264,0,0,0.238886
Fiji,Kan07,Reef Slope,Coral/Algae,3.9e-4,6.945572,1.28e-4,51.531948,0,0,0.252888
Fiji,Vatu01,Inner Reef Flat,Sand,0.006807,0,0,16.331991,0,0,0.075424
Fiji,Vatu02,Reef Slope,Coral/Algae,0.006807,0,0,16.33199,0,0,0.075424
Fiji,Vatu03,Reef Slope,Coral/Algae,0.006807,0,0,16.331991,0,0,0.075424
Fiji,Vatu04,Terrestrial Reef Flat,Coral/Algae,0.006807,0,0,16.331991,0,0,0.075424
Fiji,Vatu05,Reef Slope,Coral/Algae,0.006807,0,0,16.331991,0,0,0.075424
Fiji,Vatu06,Reef Slope,NA,0.006807,0,0,16.331991,0,0,0.075424
Fiji,Yac01,Reef Slope,NA,3.58e-4,1.319968,0,145.986401,0,0,0.169482
Fiji,Yac02,Shallow Lagoon,Sand,3.61e-4,1.649786,0,170.357961,0,0,0.172754
Fiji,Yac03,Reef Slope,Coral/Algae,3.61e-4,1.649786,0,170.357967,0,0,0.172754
Fiji,Yac04,NA,NA,3.61e-4,1.133224,0,163.763765,0,0,0.170042
Fiji,Yac05,Reef Slope,Sand,3.61e-4,1.649786,0,170.357953,0,0,0.172754
Fiji,Yac06,NA,NA,3.61e-4,1.603867,0,170.357966,0,0,0.172585
Fiji,Yac07,Reef Slope,Coral/Algae,3.61e-4,1.603867,0,170.357958,0,0,0.172585
Fiji,Yac08,Reef Slope,Coral/Algae,3.61e-4,1.603867,0,170.35795,0,0,0.172585
Fiji,Yac09,NA,NA,3.61e-4,1.495176,0,163.763765,0,0,0.171687
Fiji,Yac11,Shallow Lagoon,Sand,3.61e-4,1.133224,0,163.763758,0,0,0.170042
Fiji,Yac13,Reef Slope,Coral/Algae,3.61e-4,1.603867,0,170.357957,0,0,0.172585
Fiji,Yac15,Reef Slope,Coral/Algae,3.61e-4,1.603867,0,170.357959,0,0,0.172585
Fiji,Yac16,NA,NA,3.61e-4,1.649786,0,170.357957,0,0,0.172754
Fiji,Yac17,NA,NA,3.61e-4,1.649786,0,170.357956,0,0,0.172754
Fiji,Yac18,Shallow Lagoon,Sand,3.61e-4,1.649786,0,170.357946,0,0,0.172754
Fiji,Yac19,NA,NA,3.61e-4,1.133224,0,163.763758,0,0,0.170042
Fiji,Yac20,Reef Slope,NA,3.61e-4,1.649786,0,170.357963,0,0,0.172754
Fiji,Yac21,NA,NA,3.61e-4,1.649786,0,170.357956,0,0,0.172754
Fiji,BuC1,Deep Lagoon,NA,4.338601,36.778633,0.003175,1853.305469,0,9,0.58688
Fiji,BuC2,Sheltered Reef Slope,Coral/Algae,5.649633,43.654771,0.00377,2230.739569,0,26,0.606079
Fiji,BuC3,NA,NA,4.338601,36.778632,0.003175,1853.30542,0,9,0.58688
Fiji,BuC4,Terrestrial Reef Flat,Seagrass,5.649633,43.654768,0.00377,2230.739438,0,25.999999,0.606079
Fiji,BuC5,Deep Lagoon,NA,1.964416,0,0,6225.163593,0,29.000001,0.391538
Fiji,BuC6,Sheltered Reef Slope,Coral/Algae,10.15353,55.059989,0.007427,341.597804,0,3,0.579163
Fiji,BuE1,Deep Lagoon,NA,6.960665,41.463602,0.005091,2101.040454,0,65.000002,0.617579
Fiji,BuE2,Outer Reef Flat,Coral/Algae,5.649633,43.654768,0.00377,2230.739455,0,25.999999,0.606079
Fiji,BuE4,Sheltered Reef Slope,Coral/Algae,9.876089,20.705386,0.006795,1287.570952,0,363.999987,0.622261
Fiji,BuE5,Sheltered Reef Slope,Coral/Algae,6.960665,41.463601,0.005091,2101.040419,0,65.000001,0.617579
Fiji,BuE6,Terrestrial Reef Flat,Coral/Algae,6.960665,41.4636,0.005091,2101.040385,0,65,0.617579
Fiji,DamC1,Sheltered Reef Slope,Coral/Algae,0.660988,160.037112,0.01575,452.007352,0,0,0.421278
Fiji,DamC3,Outer Reef Flat,Coral/Algae,0.640396,180.98388,0.017579,1147.865291,0,0,0.438005
Fiji,DamC4,Sheltered Reef Slope,Coral/Algae,0.711134,173.720651,0.015508,716.18803,0,0,0.430726
Fiji,DamC8,NA,NA,0.660988,160.037109,0.01575,452.007343,0,0,0.421278
Fiji,DamE1,Sheltered Reef Slope,Coral/Algae,0.767219,126.082261,0.011021,469.807584,0,0,0.415428
Fiji,DamE6,Outer Reef Flat,Coral/Algae,0.754096,151.313718,0.012156,796.610748,0,0,0.430955
Fiji,DawaC1,Deep Lagoon,Coral/Algae,7.61827,164.241593,0.018828,2343.838367,0,58,0.645755
Fiji,DawaC2,Sheltered Reef Slope,Coral/Algae,7.61827,164.241598,0.018828,2343.838436,0,58.000002,0.645755
Fiji,DawaC3,Terrestrial Reef Flat,Seagrass,7.61827,164.24159,0.018828,2343.838334,0,57.999999,0.645755
Fiji,DawaC4,Reef Crest,Coral/Algae,6.911844,113.067843,0.015908,107.502858,0,3,0.571967
Fiji,DawaC5,Outer Reef Flat,Coral/Algae,14.244035,56.471446,0.014188,2028.753047,0,0,0.499614
Fiji,DawaC6,Sheltered Reef Slope,Coral/Algae,13.112898,82.710274,0.012027,1679.761485,0,22,0.629775
Fiji,DawaE1,Sheltered Reef Slope,Coral/Algae,4.682673,359.878109,0.040026,1126.914996,0,14,0.623877
Fiji,DawaE2,NA,NA,4.682673,359.878129,0.040026,1126.915059,0,14.000001,0.623877
Fiji,DawaE3,NA,NA,4.682673,359.878127,0.040026,1126.915052,0,14.000001,0.623877
Fiji,DawaE4,Sheltered Reef Slope,Coral/Algae,4.682673,359.878119,0.040026,1126.915028,0,14,0.623877
Fiji,DawaE5,Sheltered Reef Slope,Coral/Algae,4.594152,203.148826,0.032903,224.763693,0,4.001238,0.582446
Fiji,DawaE6,Sheltered Reef Slope,Coral/Algae,4.799879,118.904908,0.020969,141.478211,0,7,0.57444
Fiji,WaiE1,Deep Lagoon,Coral/Algae,19.258766,62.586573,0.025427,2881.612433,0,0,0.515617
Fiji,WaiE2,Deep Lagoon,NA,19.120134,49.576012,0.025086,272.235791,0,0,0.47214
Fiji,WaiE3,Deep Lagoon,NA,15.03996,34.097106,0.014423,493.8386,0,35.999999,0.604579
Fiji,WaiE4,Sheltered Reef Slope,Coral/Algae,15.039961,34.097108,0.014423,493.838618,0,36.000001,0.604579
Fiji,WaiE5,Outer Reef Flat,Coral/Algae,19.258765,62.586571,0.025427,2881.612353,0,0,0.515617
Fiji,WaiE6,Sheltered Reef Slope,Coral/Algae,19.258765,62.586568,0.025427,2881.612225,0,0,0.515617
Solomon Islands,P10,Reef Slope,Coral/Algae,0.066133,14.153714,0,952.689793,0,0,0.246583
Solomon Islands,P11,Reef Slope,Coral/Algae,0.065291,24.831825,0,1362.811923,0,0,0.259073
Solomon Islands,P12,Reef Slope,Coral/Algae,0.063921,45.713478,0,2189.399434,0,0,0.275094
Solomon Islands,P13,Reef Crest,Coral/Algae,0.066133,14.153714,0,952.689807,0,0,0.246583
Solomon Islands,P14,Reef Crest,Coral/Algae,0.064133,4.898184,0,904.143921,0,0,0.236099
Solomon Islands,P15,Reef Crest,Coral/Algae,0.064133,4.898184,0,904.143946,0,0,0.236099
Solomon Islands,P16,Sheltered Reef Slope,Coral/Algae,0.064133,4.898184,0,904.14393,0,0,0.236099
Solomon Islands,P17,Sheltered Reef Slope,Coral/Algae,0.062711,9.831907,0,1361.794933,0,0,0.249079
Solomon Islands,P18,Outer Reef Flat,Coral/Algae,0.062711,9.831907,0,1361.794927,0,0,0.249079
Solomon Islands,P4,Reef Slope,Sand,0.066133,14.153714,0,952.689758,0,0,0.246583
Solomon Islands,P6,Reef Slope,Coral/Algae,0.066133,14.153714,0,952.689803,0,0,0.246583
Solomon Islands,P7,Reef Slope,Coral/Algae,0.066133,14.153714,0,952.689791,0,0,0.246583
Belize,CZFR4,Reef Slope,NA,1.086228,0,0,7.41954,0,8,0.284268
Belize,CZFR5,Reef Slope,NA,1.17501,0,0,7.41954,0,407.000015,0.317165
Belize,CZFR6,Reef Slope,Coral/Algae,1.17501,0,0,7.41954,0,407.000009,0.317165
Belize,CZPR2,Deep Lagoon,Coral/Algae,1.364033,0,5e-6,19.393047,0,126.999991,0.391489
Belize,GUZFR2,NA,NA,1.17501,0,0,7.41954,0,407.000001,0.317165
Belize,GUZFR4,Reef Slope,Coral/Algae,0.985987,0,0,4.458036,0,41.999999,0.292469
Belize,GUZPR2,Outer Reef Flat,Sand,1.473964,0,3.3e-5,4.458036,0,276.000002,0.396832
Belize,GUZPR5,Deep Lagoon,Coral/Algae,1.263793,0,0,4.458036,0,661.999988,0.320736
Fiji,BU01,Sheltered Reef Slope,Coral/Algae,7.115873,20.467846,0.003279,2298.174729,0,478.999994,0.624475
Fiji,BU04,Sheltered Reef Slope,Coral/Algae,6.960665,41.4636,0.005091,2101.040392,0,65.000001,0.617579
Fiji,BU05,Outer Reef Flat,Coral/Algae,5.649633,43.654769,0.00377,2230.739508,0,26,0.606079
Fiji,BU10,Sheltered Reef Slope,Coral/Algae,1.964416,0,0,6225.163705,0,29.000001,0.391538
Fiji,LV01,Sheltered Reef Slope,Coral/Algae,1.964416,0,0,6225.163363,0,29,0.391538
Fiji,LV02,Sheltered Reef Slope,Coral/Algae,2.971754,49.417097,0.002612,5936.682396,2,184.999994,0.799669
Fiji,LV03,Terrestrial Reef Flat,Rock,2.971754,49.417098,0.002612,5936.682471,2,184.999996,0.799669
Fiji,LV05,NA,NA,3.494548,0,0,8096.506553,2,135.999999,0.594131
Fiji,LV07,Deep Lagoon,Coral/Algae,5.649634,43.654773,0.00377,2230.739688,0,26.000002,0.606079
Fiji,LV08,Sheltered Reef Slope,Coral/Algae,3.10539,14.309389,0.001129,33.943399,0,17,0.51412
Fiji,LV12,Sheltered Reef Slope,Coral/Algae,3.389333,6.074823,5.1e-4,16.566729,0,2,0.4899
Fiji,LV13,Sheltered Reef Slope,NA,2.971755,49.417099,0.002612,5936.682607,2,185,0.799669
Fiji,LV14,Terrestrial Reef Flat,Seagrass,3.494548,0,0,8096.506568,2,135.999999,0.594131
Fiji,LV15,Sheltered Reef Slope,Coral/Algae,2.971755,49.417101,0.002612,5936.682786,2,185.000006,0.799669
Fiji,LV16,Sheltered Reef Slope,Coral/Algae,3.494548,0,0,8096.506668,2,136.000001,0.594131
Fiji,LV17,Sheltered Reef Slope,Coral/Algae,5.649633,43.65477,0.00377,2230.739551,0,26,0.606079
Fiji,NA02,Terrestrial Reef Flat,Coral/Algae,5.392963,30.522592,0.002026,6255.265682,2,66.000002,0.796651
Fiji,NA03,Deep Lagoon,NA,5.392963,30.522591,0.002026,6255.265501,2,66,0.796651
Fiji,NA05,NA,NA,4.540136,26.299403,0.001733,4714.634735,2,8,0.769706
Fiji,NA07,Sheltered Reef Slope,Coral/Algae,5.392963,30.522591,0.002026,6255.265536,2,66.000001,0.796651
Fiji,KD2,NA,NA,0.681043,0,0,2516.412571,0,11,0.340793
Fiji,KD3,Sheltered Reef Slope,Coral/Algae,0.742165,18.209366,3.9e-5,1774.573357,0,0,0.392876
Fiji,MD1,Sheltered Reef Slope,Coral/Algae,0.742165,18.209366,3.9e-5,1774.573374,0,0,0.392876
Fiji,MD4,Sheltered Reef Slope,Coral/Algae,0.789559,4.405611,1e-5,203.16046,0,0,0.34438
Fiji,MD6,Shallow Lagoon,Sand,0.676387,23.865091,1.3e-4,1909.995184,0,0,0.398288
Fiji,NC1,Sheltered Reef Slope,Coral/Algae,0.543716,21.126183,1.85e-4,992.999947,0,0,0.379589
Fiji,NC2,Terrestrial Reef Flat,Coral/Algae,0.498812,31.979382,3.23e-4,2018.451377,0,0,0.397052
Fiji,NF1,Terrestrial Reef Flat,Rubble,0.676387,23.865091,1.3e-4,1909.995149,0,0,0.398288
Fiji,NF3,Inner Reef Flat,Rubble,0.676387,23.865091,1.3e-4,1909.995175,0,0,0.398288
Fiji,NF4,Terrestrial Reef Flat,Rubble,0.676387,23.865091,1.3e-4,1909.995175,0,0,0.398288
Fiji,NS1,Outer Reef Flat,Rubble,NA,NA,NA,NA,NA,NA,NA
Fiji,NS3,Shallow Lagoon,Sand,0.676387,23.865091,1.3e-4,1909.995173,0,0,0.398288
Fiji,NT1,Shallow Lagoon,Sand,0.676387,23.865091,1.3e-4,1909.995173,0,0,0.398288
Fiji,NT2,Terrestrial Reef Flat,Rubble,0.676387,23.86509,1.3e-4,1909.995113,0,0,0.398288
Fiji,NT3,Terrestrial Reef Flat,Coral/Algae,0.676387,23.865091,1.3e-4,1909.9952,0,0,0.398288
Fiji,NV1,Terrestrial Reef Flat,Coral/Algae,0.619922,0,0,2271.165411,0,41.999999,0.347102
Fiji,NV4,Sheltered Reef Slope,Coral/Algae,0.681043,0,0,2516.4125,0,11,0.340793
Fiji,TF1,Sheltered Reef Slope,Coral/Algae,NA,NA,NA,NA,NA,NA,NA
Fiji,TF2,Sheltered Reef Slope,Coral/Algae,NA,NA,NA,NA,NA,NA,NA
Fiji,TF3,Plateau,Coral/Algae,0.498812,31.979382,3.23e-4,2018.451384,0,0,0.397052
Fiji,TF4,Terrestrial Reef Flat,Coral/Algae,0.498812,31.979382,3.23e-4,2018.451358,0,0,0.397052
Fiji,TF5,Sheltered Reef Slope,Coral/Algae,0.498812,31.979381,3.23e-4,2018.451313,0,0,0.397052
Fiji,TT1,Sheltered Reef Slope,Coral/Algae,0.498812,31.979383,3.23e-4,2018.451438,0,0,0.397052
Fiji,TT2,Sheltered Reef Slope,Coral/Algae,0.498812,31.979383,3.23e-4,2018.451441,0,0,0.397052
Fiji,TT3,Sheltered Reef Slope,Coral/Algae,0.498812,31.979381,3.23e-4,2018.451342,0,0,0.397052
Fiji,V1,Shallow Lagoon,Coral/Algae,0.616212,27.001225,1.54e-4,1068.288227,0,39,0.522716
Fiji,V2,Inner Reef Flat,Coral/Algae,0.616212,27.001226,1.54e-4,1068.288271,0,39.000002,0.522716
Fiji,V3,Terrestrial Reef Flat,Coral/Algae,0.619922,0,0,2271.165567,0,42.000002,0.347102
Fiji,V4,Sheltered Reef Slope,Coral/Algae,0.741031,22.127056,2e-5,252.714103,0,36,0.496635
Fiji,V5,Sheltered Reef Slope,Coral/Algae,0.619922,0,0,2271.165465,0,42,0.347102
Fiji,V6,Terrestrial Reef Flat,Rubble,0.619922,0,0,2271.16541,0,41.999999,0.347102
Solomon Islands,Chubikopi 1,Terrestrial Reef Flat,Coral/Algae,0.121097,57.217332,0,2499.987568,0,0,0.291811
Solomon Islands,Chubikopi 2,Back Reef Slope,Coral/Algae,0.121097,57.217329,0,2499.987439,0,0,0.291811
Solomon Islands,Chubikopi 3,Back Reef Slope,Coral/Algae,0.121097,57.217331,0,2499.987522,0,0,0.291811
Solomon Islands,Chubikopi 4,NA,NA,0.128813,28.596599,0,1084.463321,0,0,0.26863
Solomon Islands,Chubikopi 5,NA,NA,0.128813,28.5966,0,1084.463361,0,0,0.26863
Solomon Islands,Chubikopi 6,Inner Reef Flat,Rubble,0.128813,28.596599,0,1084.463314,0,0,0.26863
Solomon Islands,Kicha 1 PC,Reef Slope,Coral/Algae,0.187618,3.626118,0,191.525414,0,0,0.231152
Solomon Islands,Malemale 1,NA,NA,0.180417,9.790003,0,487.335773,0,0,0.251306
Solomon Islands,Malemale 2,Reef Crest,Coral/Algae,0.180417,19.269949,0,1334.759468,0,0,0.275058
Solomon Islands,Mbulo 1,NA,NA,0.180417,9.790003,0,487.335772,0,0,0.251306
Solomon Islands,Mbulo 2,NA,NA,0.180417,9.790003,0,487.335774,0,0,0.251306
Solomon Islands,Mbulo 4,NA,NA,0.180417,9.790003,0,487.33577,0,0,0.251306
Solomon Islands,Peava 1,NA,NA,0.180417,19.269949,0,1334.759448,0,0,0.275058
Solomon Islands,Peava 2,Reef Slope,Coral/Algae,0.180417,19.269949,0,1334.759474,0,0,0.275058
Solomon Islands,Zaira 3,Sheltered Reef Slope,Coral/Algae,0.14189,42.440947,0,584.516244,0,0,0.265074
Solomon Islands,Zaira 4,Deep Lagoon,Sand,0.128613,29.196888,0,424.046511,0,0,0.253501
Solomon Islands,Zaira F 1,Deep Lagoon,Sand,0.14189,42.440945,0,584.516217,0,0,0.265074
Solomon Islands,Zaira F 2,NA,NA,0.14189,42.440944,0,584.516206,0,0,0.265074
Solomon Islands,Zaira F 3,NA,NA,0.14189,17.107685,0,110.763609,0,0,0.232466
Fiji,C3,Sheltered Reef Slope,Coral/Algae,0.690092,1.621635,4.2e-5,0,0,11,0.375427
Fiji,C5,Deep Lagoon,NA,0.690092,1.621635,4.2e-5,0,0,11,0.375427
Fiji,KB04,Sheltered Reef Slope,Coral/Algae,0.787703,0.050096,3e-6,6.847198,0,344.999994,0.45112
Fiji,KB05,Sheltered Reef Slope,Coral/Algae,0.787703,0.050096,3e-6,6.847199,0,345.000004,0.45112
Fiji,KB07,NA,NA,0.690092,1.621635,4.2e-5,0,0,11,0.375427
Fiji,KBO6,Sheltered Reef Slope,Coral/Algae,0.690092,1.621635,4.2e-5,0,0,11,0.375427
Fiji,N19,Sheltered Reef Slope,Coral/Algae,0.818447,0.119794,1.3e-5,6.847198,0,653.99999,0.460748
Fiji,N20,Shallow Lagoon,Coral/Algae,0.818447,0.119794,1.3e-5,6.847198,0,653.999984,0.460748
Solomon Islands,KOL01,Outer Reef Flat,Coral/Algae,0.077178,38.718277,0,1488.224383,0,2,0.387451
Solomon Islands,KOL02,NA,NA,0.0807,45.179739,0,1537.34813,0,0,0.271973
Solomon Islands,KOL03,Outer Reef Flat,Coral/Algae,0.084751,52.272834,0,472.046569,0,0,0.254205
Solomon Islands,KOL04,Sheltered Reef Slope,Coral/Algae,0.082597,59.176625,0,493.585209,0,0,0.256188
Solomon Islands,KOL05,Sheltered Reef Slope,Coral/Algae,0.082597,59.176624,0,493.585207,0,0,0.256188
Solomon Islands,KOL06,Outer Reef Flat,Coral/Algae,0.079494,0,0,716.652479,0,0,0.143172
Solomon Islands,KOL07,Outer Reef Flat,Coral/Algae,0.093027,56.744185,0,159.964569,0,0,0.242229
Solomon Islands,KOL08,Sheltered Reef Slope,Coral/Algae,0.093027,56.744186,0,159.964573,0,0,0.242229
Solomon Islands,KOL09,Outer Reef Flat,Coral/Algae,0.093027,56.744186,0,159.964571,0,0,0.242229
Solomon Islands,KOL10,Sheltered Reef Slope,Coral/Algae,0.07207,0,0,1255.755151,0,0,0.151617
Solomon Islands,KOL11,Outer Reef Flat,Coral/Algae,0.079942,60.591682,0,884.59847,0,0,0.265509
Solomon Islands,KOL12,NA,NA,0.073452,65.311066,0,962.045087,0,0,0.266671
Solomon Islands,KOL13,Sheltered Reef Slope,Coral/Algae,0.073452,65.311066,0,962.045089,0,0,0.266671
Solomon Islands,KOL14,Sheltered Reef Slope,Coral/Algae,0.066962,0,0,381.907261,0,0,0.130826
Solomon Islands,KOL15,Reef Slope,Coral/Algae,0.064096,0,0,475.079584,0,0,0.133496
Solomon Islands,KOL16,Reef Slope,Coral/Algae,0.063299,0,0,683.753931,0,0,0.137765
Solomon Islands,KOL17,Reef Slope,Coral/Algae,0.06123,0,0,1225.227812,0,0,0.14884
Solomon Islands,KOL18,Reef Slope,Coral/Algae,0.060801,45.081146,0,2231.845866,2,0,0.447691
Solomon Islands,KOL19,Sheltered Reef Slope,Rock,0.060801,45.081146,0,2231.845858,2,0,0.447691
Solomon Islands,KOL20,Reef Slope,Coral/Algae,0.050789,45.723251,0,3189.943593,2,0,0.451664
Solomon Islands,P10,Reef Slope,Coral/Algae,0.066133,14.153714,0,952.689798,0,0,0.246583
Solomon Islands,P12,Reef Slope,Coral/Algae,0.063921,45.713478,0,2189.399421,0,0,0.275094
Solomon Islands,P4,Reef Slope,Sand,0.066133,14.153714,0,952.689788,0,0,0.246583
Solomon Islands,P7,Reef Slope,Coral/Algae,0.066133,14.153714,0,952.689803,0,0,0.246583
Solomon Islands,V1,Outer Reef Flat,Coral/Algae,0.068104,47.799783,0,2079.92683,0,1,0.392939
Solomon Islands,V10,Outer Reef Flat,Coral/Algae,0.062551,0,0,2104.881279,0,0,0.159229
Solomon Islands,V2A,Outer Reef Flat,Coral/Algae,0.068104,47.799782,0,2079.926795,0,1,0.392939
Solomon Islands,V4,Outer Reef Flat,Coral/Algae,0.068104,47.799782,0,2079.926821,0,1,0.392939
Solomon Islands,V5,Outer Reef Flat,Coral/Algae,0.068104,47.799782,0,2079.926798,0,1,0.392939
Solomon Islands,V6,Outer Reef Flat,Coral/Algae,0.068104,47.799783,0,2079.926833,0,1,0.392939
Solomon Islands,V7,Outer Reef Flat,Coral/Algae,0.068104,47.799781,0,2079.926753,0,1,0.392939
Solomon Islands,V8,Reef Slope,Coral/Algae,0.068104,47.799781,0,2079.926759,0,1,0.392939
